Alpha;Beta;Iterations
0.01;0.0;1000
0.01;0.01;1000
0.02;0.0;1000
0.02;0.01;1000
0.02;0.02;1000
0.03;0.0;1000
0.03;0.01;1000
0.03;0.02;1000
0.03;0.03;1000
0.04;0.0;1000
0.04;0.01;1000
0.04;0.02;1000
0.04;0.03;1000
0.04;0.04;1000
0.05;0.0;1000
0.05;0.01;1000
0.05;0.02;1000
0.05;0.03;1000
0.05;0.04;1000
0.05;0.05;1000
0.06;0.0;1000
0.06;0.01;1000
0.06;0.02;1000
0.06;0.03;1000
0.06;0.04;1000
0.06;0.05;1000
0.06;0.06;1000
0.07;0.0;1000
0.07;0.01;1000
0.07;0.02;1000
0.07;0.03;1000
0.07;0.04;1000
0.07;0.05;1000
0.07;0.06;1000
0.08;0.0;1000
0.08;0.01;1000
0.08;0.02;1000
0.08;0.03;1000
0.08;0.04;1000
0.08;0.05;1000
0.08;0.06;1000
0.08;0.07;1000
0.08;0.08;1000
0.09;0.0;1000
0.09;0.01;1000
0.09;0.02;1000
0.09;0.03;1000
0.09;0.04;1000
0.09;0.05;1000
0.09;0.06;1000
0.09;0.07;1000
0.09;0.08;1000
0.09;0.09;1000
0.1;0.0;1000
0.1;0.01;1000
0.1;0.02;1000
0.1;0.03;1000
0.1;0.04;1000
0.1;0.05;1000
0.1;0.06;1000
0.1;0.07;1000
0.1;0.08;1000
0.1;0.09;1000
0.11;0.0;1000
0.11;0.01;1000
0.11;0.02;1000
0.11;0.03;1000
0.11;0.04;1000
0.11;0.05;1000
0.11;0.06;1000
0.11;0.07;1000
0.11;0.08;1000
0.11;0.09;1000
0.11;0.1;1000
0.11;0.11;1000
0.12;0.0;1000
0.12;0.01;1000
0.12;0.02;1000
0.12;0.03;1000
0.12;0.04;1000
0.12;0.05;1000
0.12;0.06;1000
0.12;0.07;1000
0.12;0.08;1000
0.12;0.09;1000
0.12;0.1;1000
0.12;0.11;1000
0.12;0.12;1000
0.13;0.0;1000
0.13;0.01;1000
0.13;0.02;1000
0.13;0.03;1000
0.13;0.04;1000
0.13;0.05;1000
0.13;0.06;1000
0.13;0.07;1000
0.13;0.08;1000
0.13;0.09;1000
0.13;0.1;1000
0.13;0.11;1000
0.13;0.12;1000
0.13;0.13;1000
0.14;0.0;1000
0.14;0.01;1000
0.14;0.02;1000
0.14;0.03;1000
0.14;0.04;1000
0.14;0.05;1000
0.14;0.06;1000
0.14;0.07;1000
0.14;0.08;1000
0.14;0.09;1000
0.14;0.1;1000
0.14;0.11;1000
0.14;0.12;1000
0.14;0.13;1000
0.14;0.14;1000
0.15;0.0;1000
0.15;0.01;1000
0.15;0.02;1000
0.15;0.03;1000
0.15;0.04;1000
0.15;0.05;1000
0.15;0.06;1000
0.15;0.07;1000
0.15;0.08;1000
0.15;0.09;1000
0.15;0.1;1000
0.15;0.11;1000
0.15;0.12;1000
0.15;0.13;1000
0.15;0.14;1000
0.15;0.15;1000
0.16;0.0;1000
0.16;0.01;1000
0.16;0.02;1000
0.16;0.03;1000
0.16;0.04;1000
0.16;0.05;1000
0.16;0.06;1000
0.16;0.07;1000
0.16;0.08;1000
0.16;0.09;1000
0.16;0.1;1000
0.16;0.11;1000
0.16;0.12;1000
0.16;0.13;1000
0.16;0.14;1000
0.16;0.15;1000
0.16;0.16;1000
0.17;0.0;1000
0.17;0.01;1000
0.17;0.02;1000
0.17;0.03;1000
0.17;0.04;1000
0.17;0.05;1000
0.17;0.06;1000
0.17;0.07;1000
0.17;0.08;1000
0.17;0.09;1000
0.17;0.1;1000
0.17;0.11;1000
0.17;0.12;1000
0.17;0.13;1000
0.17;0.14;1000
0.17;0.15;1000
0.17;0.16;1000
0.17;0.17;1000
0.18;0.0;1000
0.18;0.01;1000
0.18;0.02;1000
0.18;0.03;1000
0.18;0.04;1000
0.18;0.05;1000
0.18;0.06;1000
0.18;0.07;1000
0.18;0.08;1000
0.18;0.09;1000
0.18;0.1;1000
0.18;0.11;1000
0.18;0.12;1000
0.18;0.13;1000
0.18;0.14;1000
0.18;0.15;1000
0.18;0.16;1000
0.18;0.17;1000
0.18;0.18;1000
0.19;0.0;1000
0.19;0.01;1000
0.19;0.02;1000
0.19;0.03;1000
0.19;0.04;1000
0.19;0.05;1000
0.19;0.06;1000
0.19;0.07;1000
0.19;0.08;1000
0.19;0.09;1000
0.19;0.1;1000
0.19;0.11;1000
0.19;0.12;1000
0.19;0.13;1000
0.19;0.14;1000
0.19;0.15;1000
0.19;0.16;1000
0.19;0.17;1000
0.19;0.18;1000
0.19;0.19;1000
0.2;0.0;1000
0.2;0.01;1000
0.2;0.02;1000
0.2;0.03;1000
0.2;0.04;1000
0.2;0.05;1000
0.2;0.06;1000
0.2;0.07;1000
0.2;0.08;1000
0.2;0.09;1000
0.2;0.1;1000
0.2;0.11;1000
0.2;0.12;1000
0.2;0.13;1000
0.2;0.14;1000
0.2;0.15;1000
0.2;0.16;1000
0.2;0.17;1000
0.2;0.18;1000
0.2;0.19;1000
0.2;0.2;1000
0.21;0.0;1000
0.21;0.01;1000
0.21;0.02;1000
0.21;0.03;1000
0.21;0.04;1000
0.21;0.05;1000
0.21;0.06;1000
0.21;0.07;1000
0.21;0.08;1000
0.21;0.09;1000
0.21;0.1;1000
0.21;0.11;1000
0.21;0.12;1000
0.21;0.13;1000
0.21;0.14;1000
0.21;0.15;1000
0.21;0.16;1000
0.21;0.17;1000
0.21;0.18;1000
0.21;0.19;1000
0.21;0.2;1000
0.21;0.21;1000
0.22;0.0;1000
0.22;0.01;1000
0.22;0.02;1000
0.22;0.03;1000
0.22;0.04;1000
0.22;0.05;1000
0.22;0.06;1000
0.22;0.07;1000
0.22;0.08;1000
0.22;0.09;1000
0.22;0.1;1000
0.22;0.11;1000
0.22;0.12;1000
0.22;0.13;1000
0.22;0.14;1000
0.22;0.15;1000
0.22;0.16;1000
0.22;0.17;1000
0.22;0.18;1000
0.22;0.19;1000
0.22;0.2;1000
0.22;0.21;1000
0.22;0.22;1000
0.23;0.0;1000
0.23;0.01;1000
0.23;0.02;1000
0.23;0.03;1000
0.23;0.04;1000
0.23;0.05;1000
0.23;0.06;1000
0.23;0.07;1000
0.23;0.08;1000
0.23;0.09;1000
0.23;0.1;1000
0.23;0.11;1000
0.23;0.12;1000
0.23;0.13;1000
0.23;0.14;1000
0.23;0.15;1000
0.23;0.16;1000
0.23;0.17;1000
0.23;0.18;1000
0.23;0.19;1000
0.23;0.2;1000
0.23;0.21;1000
0.23;0.22;1000
0.23;0.23;1000
0.24;0.0;1000
0.24;0.01;1000
0.24;0.02;1000
0.24;0.03;1000
0.24;0.04;1000
0.24;0.05;1000
0.24;0.06;1000
0.24;0.07;1000
0.24;0.08;1000
0.24;0.09;1000
0.24;0.1;1000
0.24;0.11;1000
0.24;0.12;1000
0.24;0.13;1000
0.24;0.14;1000
0.24;0.15;1000
0.24;0.16;1000
0.24;0.17;1000
0.24;0.18;1000
0.24;0.19;1000
0.24;0.2;1000
0.24;0.21;1000
0.24;0.22;1000
0.24;0.23;1000
0.24;0.24;1000
0.25;0.0;1000
0.25;0.01;1000
0.25;0.02;1000
0.25;0.03;1000
0.25;0.04;1000
0.25;0.05;1000
0.25;0.06;1000
0.25;0.07;1000
0.25;0.08;1000
0.25;0.09;1000
0.25;0.1;1000
0.25;0.11;1000
0.25;0.12;1000
0.25;0.13;1000
0.25;0.14;1000
0.25;0.15;1000
0.25;0.16;1000
0.25;0.17;1000
0.25;0.18;1000
0.25;0.19;1000
0.25;0.2;1000
0.25;0.21;1000
0.25;0.22;1000
0.25;0.23;1000
0.25;0.24;1000
0.25;0.25;1000
0.26;0.0;1000
0.26;0.01;1000
0.26;0.02;1000
0.26;0.03;1000
0.26;0.04;1000
0.26;0.05;1000
0.26;0.06;1000
0.26;0.07;1000
0.26;0.08;1000
0.26;0.09;1000
0.26;0.1;1000
0.26;0.11;1000
0.26;0.12;1000
0.26;0.13;1000
0.26;0.14;1000
0.26;0.15;1000
0.26;0.16;1000
0.26;0.17;1000
0.26;0.18;1000
0.26;0.19;1000
0.26;0.2;1000
0.26;0.21;1000
0.26;0.22;1000
0.26;0.23;1000
0.26;0.24;1000
0.26;0.25;1000
0.26;0.26;1000
0.27;0.0;1000
0.27;0.01;1000
0.27;0.02;1000
0.27;0.03;1000
0.27;0.04;1000
0.27;0.05;1000
0.27;0.06;1000
0.27;0.07;1000
0.27;0.08;1000
0.27;0.09;1000
0.27;0.1;1000
0.27;0.11;1000
0.27;0.12;1000
0.27;0.13;1000
0.27;0.14;1000
0.27;0.15;1000
0.27;0.16;1000
0.27;0.17;1000
0.27;0.18;1000
0.27;0.19;1000
0.27;0.2;1000
0.27;0.21;1000
0.27;0.22;1000
0.27;0.23;1000
0.27;0.24;1000
0.27;0.25;1000
0.27;0.26;1000
0.27;0.27;1000
0.28;0.0;1000
0.28;0.01;1000
0.28;0.02;1000
0.28;0.03;1000
0.28;0.04;1000
0.28;0.05;1000
0.28;0.06;1000
0.28;0.07;1000
0.28;0.08;1000
0.28;0.09;1000
0.28;0.1;1000
0.28;0.11;1000
0.28;0.12;1000
0.28;0.13;1000
0.28;0.14;1000
0.28;0.15;1000
0.28;0.16;1000
0.28;0.17;1000
0.28;0.18;1000
0.28;0.19;1000
0.28;0.2;1000
0.28;0.21;1000
0.28;0.22;1000
0.28;0.23;1000
0.28;0.24;1000
0.28;0.25;1000
0.28;0.26;1000
0.28;0.27;1000
0.28;0.28;1000
0.29;0.0;1000
0.29;0.01;1000
0.29;0.02;1000
0.29;0.03;1000
0.29;0.04;1000
0.29;0.05;1000
0.29;0.06;1000
0.29;0.07;1000
0.29;0.08;1000
0.29;0.09;1000
0.29;0.1;1000
0.29;0.11;1000
0.29;0.12;1000
0.29;0.13;1000
0.29;0.14;1000
0.29;0.15;1000
0.29;0.16;1000
0.29;0.17;1000
0.29;0.18;1000
0.29;0.19;1000
0.29;0.2;1000
0.29;0.21;1000
0.29;0.22;1000
0.29;0.23;1000
0.29;0.24;1000
0.29;0.25;1000
0.29;0.26;1000
0.29;0.27;1000
0.29;0.28;1000
0.29;0.29;1000
0.3;0.0;1000
0.3;0.01;1000
0.3;0.02;1000
0.3;0.03;1000
0.3;0.04;1000
0.3;0.05;1000
0.3;0.06;1000
0.3;0.07;1000
0.3;0.08;1000
0.3;0.09;1000
0.3;0.1;1000
0.3;0.11;1000
0.3;0.12;1000
0.3;0.13;1000
0.3;0.14;1000
0.3;0.15;1000
0.3;0.16;1000
0.3;0.17;1000
0.3;0.18;1000
0.3;0.19;1000
0.3;0.2;1000
0.3;0.21;1000
0.3;0.22;1000
0.3;0.23;1000
0.3;0.24;1000
0.3;0.25;1000
0.3;0.26;1000
0.3;0.27;1000
0.3;0.28;1000
0.3;0.29;1000
0.3;0.3;1000
0.31;0.0;1000
0.31;0.01;1000
0.31;0.02;1000
0.31;0.03;1000
0.31;0.04;1000
0.31;0.05;1000
0.31;0.06;1000
0.31;0.07;1000
0.31;0.08;1000
0.31;0.09;1000
0.31;0.1;1000
0.31;0.11;1000
0.31;0.12;1000
0.31;0.13;1000
0.31;0.14;1000
0.31;0.15;1000
0.31;0.16;1000
0.31;0.17;1000
0.31;0.18;1000
0.31;0.19;1000
0.31;0.2;1000
0.31;0.21;1000
0.31;0.22;1000
0.31;0.23;1000
0.31;0.24;1000
0.31;0.25;1000
0.31;0.26;1000
0.31;0.27;1000
0.31;0.28;1000
0.31;0.29;1000
0.31;0.3;1000
0.31;0.31;1000
0.32;0.0;1000
0.32;0.01;1000
0.32;0.02;1000
0.32;0.03;1000
0.32;0.04;1000
0.32;0.05;1000
0.32;0.06;1000
0.32;0.07;1000
0.32;0.08;1000
0.32;0.09;1000
0.32;0.1;1000
0.32;0.11;1000
0.32;0.12;1000
0.32;0.13;1000
0.32;0.14;1000
0.32;0.15;1000
0.32;0.16;1000
0.32;0.17;1000
0.32;0.18;1000
0.32;0.19;1000
0.32;0.2;1000
0.32;0.21;1000
0.32;0.22;1000
0.32;0.23;1000
0.32;0.24;1000
0.32;0.25;1000
0.32;0.26;51
0.32;0.27;1000
0.32;0.28;1000
0.32;0.29;1000
0.32;0.3;1000
0.32;0.31;1000
0.32;0.32;1000
0.33;0.0;1000
0.33;0.01;1000
0.33;0.02;1000
0.33;0.03;1000
0.33;0.04;1000
0.33;0.05;1000
0.33;0.06;1000
0.33;0.07;1000
0.33;0.08;1000
0.33;0.09;1000
0.33;0.1;1000
0.33;0.11;1000
0.33;0.12;1000
0.33;0.13;1000
0.33;0.14;1000
0.33;0.15;1000
0.33;0.16;1000
0.33;0.17;1000
0.33;0.18;1000
0.33;0.19;1000
0.33;0.2;1000
0.33;0.21;28
0.33;0.22;1000
0.33;0.23;1000
0.33;0.24;1000
0.33;0.25;1000
0.33;0.26;1000
0.33;0.27;1000
0.33;0.28;1000
0.33;0.29;1000
0.33;0.3;1000
0.33;0.31;1000
0.33;0.32;1000
0.33;0.33;1000
0.34;0.0;1000
0.34;0.01;1000
0.34;0.02;1000
0.34;0.03;1000
0.34;0.04;1000
0.34;0.05;1000
0.34;0.06;1000
0.34;0.07;1000
0.34;0.08;1000
0.34;0.09;1000
0.34;0.1;1000
0.34;0.11;1000
0.34;0.12;1000
0.34;0.13;1000
0.34;0.14;1000
0.34;0.15;1000
0.34;0.16;1000
0.34;0.17;1000
0.34;0.18;1000
0.34;0.19;1000
0.34;0.2;1000
0.34;0.21;1000
0.34;0.22;1000
0.34;0.23;1000
0.34;0.24;1000
0.34;0.25;1000
0.34;0.26;1000
0.34;0.27;1000
0.34;0.28;1000
0.34;0.29;1000
0.34;0.3;1000
0.34;0.31;1000
0.34;0.32;1000
0.34;0.33;1000
0.34;0.34;1000
0.35;0.0;1000
0.35;0.01;1000
0.35;0.02;1000
0.35;0.03;1000
0.35;0.04;1000
0.35;0.05;1000
0.35;0.06;1000
0.35;0.07;1000
0.35;0.08;1000
0.35;0.09;1000
0.35;0.1;1000
0.35;0.11;1000
0.35;0.12;1000
0.35;0.13;1000
0.35;0.14;1000
0.35;0.15;1000
0.35;0.16;1000
0.35;0.17;1000
0.35;0.18;1000
0.35;0.19;1000
0.35;0.2;1000
0.35;0.21;1000
0.35;0.22;1000
0.35;0.23;1000
0.35;0.24;1000
0.35;0.25;1000
0.35;0.26;70
0.35;0.27;1000
0.35;0.28;52
0.35;0.29;1000
0.35;0.3;1000
0.35;0.31;1000
0.35;0.32;1000
0.35;0.33;1000
0.35;0.34;1000
0.35;0.35;1000
0.36;0.0;1000
0.36;0.01;1000
0.36;0.02;1000
0.36;0.03;1000
0.36;0.04;1000
0.36;0.05;1000
0.36;0.06;1000
0.36;0.07;1000
0.36;0.08;1000
0.36;0.09;1000
0.36;0.1;1000
0.36;0.11;1000
0.36;0.12;1000
0.36;0.13;1000
0.36;0.14;1000
0.36;0.15;1000
0.36;0.16;1000
0.36;0.17;1000
0.36;0.18;1000
0.36;0.19;1000
0.36;0.2;1000
0.36;0.21;1000
0.36;0.22;1000
0.36;0.23;1000
0.36;0.24;1000
0.36;0.25;1000
0.36;0.26;1000
0.36;0.27;52
0.36;0.28;1000
0.36;0.29;1000
0.36;0.3;97
0.36;0.31;1000
0.36;0.32;1000
0.36;0.33;1000
0.36;0.34;152
0.36;0.35;319
0.36;0.36;1000
0.37;0.0;1000
0.37;0.01;1000
0.37;0.02;1000
0.37;0.03;1000
0.37;0.04;1000
0.37;0.05;1000
0.37;0.06;1000
0.37;0.07;1000
0.37;0.08;1000
0.37;0.09;1000
0.37;0.1;1000
0.37;0.11;1000
0.37;0.12;1000
0.37;0.13;1000
0.37;0.14;12
0.37;0.15;23
0.37;0.16;18
0.37;0.17;20
0.37;0.18;19
0.37;0.19;22
0.37;0.2;24
0.37;0.21;27
0.37;0.22;30
0.37;0.23;35
0.37;0.24;1000
0.37;0.25;62
0.37;0.26;76
0.37;0.27;1000
0.37;0.28;1000
0.37;0.29;1000
0.37;0.3;1000
0.37;0.31;1000
0.37;0.32;71
0.37;0.33;77
0.37;0.34;108
0.37;0.35;165
0.37;0.36;339
0.37;0.37;1000
0.38;0.0;122
0.38;0.01;341
0.38;0.02;1000
0.38;0.03;1000
0.38;0.04;1000
0.38;0.05;1000
0.38;0.06;1000
0.38;0.07;1000
0.38;0.08;1000
0.38;0.09;1000
0.38;0.1;1000
0.38;0.11;1000
0.38;0.12;1000
0.38;0.13;44
0.38;0.14;24
0.38;0.15;15
0.38;0.16;17
0.38;0.17;16
0.38;0.18;18
0.38;0.19;18
0.38;0.2;21
0.38;0.21;20
0.38;0.22;23
0.38;0.23;25
0.38;0.24;28
0.38;0.25;31
0.38;0.26;36
0.38;0.27;41
0.38;0.28;47
0.38;0.29;49
0.38;0.3;49
0.38;0.31;48
0.38;0.32;52
0.38;0.33;64
0.38;0.34;82
0.38;0.35;112
0.38;0.36;175
0.38;0.37;356
0.38;0.38;1000
0.39;0.0;1000
0.39;0.01;1000
0.39;0.02;1000
0.39;0.03;1000
0.39;0.04;1000
0.39;0.05;1000
0.39;0.06;1000
0.39;0.07;1000
0.39;0.08;1000
0.39;0.09;1000
0.39;0.1;1000
0.39;0.11;1000
0.39;0.12;41
0.39;0.13;24
0.39;0.14;18
0.39;0.15;14
0.39;0.16;16
0.39;0.17;15
0.39;0.18;17
0.39;0.19;17
0.39;0.2;17
0.39;0.21;20
0.39;0.22;22
0.39;0.23;22
0.39;0.24;24
0.39;0.25;27
0.39;0.26;30
0.39;0.27;35
0.39;0.28;35
0.39;0.29;37
0.39;0.3;36
0.39;0.31;40
0.39;0.32;48
0.39;0.33;55
0.39;0.34;67
0.39;0.35;87
0.39;0.36;116
0.39;0.37;177
0.39;0.38;363
0.39;0.39;1000
0.4;0.0;1000
0.4;0.01;1000
0.4;0.02;1000
0.4;0.03;1000
0.4;0.04;1000
0.4;0.05;1000
0.4;0.06;1000
0.4;0.07;1000
0.4;0.08;1000
0.4;0.09;1000
0.4;0.1;1000
0.4;0.11;23
0.4;0.12;18
0.4;0.13;17
0.4;0.14;14
0.4;0.15;13
0.4;0.16;15
0.4;0.17;15
0.4;0.18;14
0.4;0.19;17
0.4;0.2;16
0.4;0.21;19
0.4;0.22;19
0.4;0.23;21
0.4;0.24;24
0.4;0.25;26
0.4;0.26;26
0.4;0.27;29
0.4;0.28;31
0.4;0.29;30
0.4;0.3;32
0.4;0.31;37
0.4;0.32;42
0.4;0.33;49
0.4;0.34;58
0.4;0.35;70
0.4;0.36;89
0.4;0.37;120
0.4;0.38;182
0.4;0.39;370
0.4;0.4;1000
0.41;0.0;1000
0.41;0.01;1000
0.41;0.02;1000
0.41;0.03;1000
0.41;0.04;1000
0.41;0.05;1000
0.41;0.06;1000
0.41;0.07;1000
0.41;0.08;1000
0.41;0.09;1000
0.41;0.1;46
0.41;0.11;20
0.41;0.12;8
0.41;0.13;14
0.41;0.14;13
0.41;0.15;12
0.41;0.16;14
0.41;0.17;14
0.41;0.18;14
0.41;0.19;16
0.41;0.2;16
0.41;0.21;18
0.41;0.22;18
0.41;0.23;21
0.41;0.24;21
0.41;0.25;23
0.41;0.26;25
0.41;0.27;25
0.41;0.28;27
0.41;0.29;27
0.41;0.3;31
0.41;0.31;33
0.41;0.32;38
0.41;0.33;45
0.41;0.34;52
0.41;0.35;59
0.41;0.36;73
0.41;0.37;94
0.41;0.38;124
0.41;0.39;187
0.41;0.4;380
0.41;0.41;1000
0.42;0.0;1000
0.42;0.01;1000
0.42;0.02;1000
0.42;0.03;1000
0.42;0.04;1000
0.42;0.05;1000
0.42;0.06;1000
0.42;0.07;1000
0.42;0.08;1000
0.42;0.09;53
0.42;0.1;26
0.42;0.11;16
0.42;0.12;9
0.42;0.13;12
0.42;0.14;12
0.42;0.15;11
0.42;0.16;14
0.42;0.17;14
0.42;0.18;13
0.42;0.19;16
0.42;0.2;15
0.42;0.21;18
0.42;0.22;18
0.42;0.23;20
0.42;0.24;20
0.42;0.25;22
0.42;0.26;22
0.42;0.27;22
0.42;0.28;24
0.42;0.29;26
0.42;0.3;28
0.42;0.31;33
0.42;0.32;35
0.42;0.33;40
0.42;0.34;44
0.42;0.35;53
0.42;0.36;62
0.42;0.37;76
0.42;0.38;94
0.42;0.39;131
0.42;0.4;199
0.42;0.41;390
0.42;0.42;1000
0.43;0.0;1000
0.43;0.01;1000
0.43;0.02;1000
0.43;0.03;1000
0.43;0.04;1000
0.43;0.05;1000
0.43;0.06;1000
0.43;0.07;1000
0.43;0.08;58
0.43;0.09;30
0.43;0.1;19
0.43;0.11;13
0.43;0.12;8
0.43;0.13;12
0.43;0.14;11
0.43;0.15;11
0.43;0.16;13
0.43;0.17;13
0.43;0.18;13
0.43;0.19;15
0.43;0.2;15
0.43;0.21;15
0.43;0.22;17
0.43;0.23;17
0.43;0.24;19
0.43;0.25;19
0.43;0.26;19
0.43;0.27;21
0.43;0.28;23
0.43;0.29;25
0.43;0.3;27
0.43;0.31;30
0.43;0.32;32
0.43;0.33;36
0.43;0.34;41
0.43;0.35;48
0.43;0.36;54
0.43;0.37;63
0.43;0.38;79
0.43;0.39;99
0.43;0.4;130
0.43;0.41;204
0.43;0.42;400
0.43;0.43;1000
0.44;0.0;1000
0.44;0.01;1000
0.44;0.02;1000
0.44;0.03;1000
0.44;0.04;1000
0.44;0.05;1000
0.44;0.06;1000
0.44;0.07;62
0.44;0.08;32
0.44;0.09;21
0.44;0.1;15
0.44;0.11;11
0.44;0.12;8
0.44;0.13;11
0.44;0.14;11
0.44;0.15;10
0.44;0.16;13
0.44;0.17;13
0.44;0.18;12
0.44;0.19;15
0.44;0.2;15
0.44;0.21;14
0.44;0.22;17
0.44;0.23;17
0.44;0.24;16
0.44;0.25;19
0.44;0.26;18
0.44;0.27;20
0.44;0.28;20
0.44;0.29;23
0.44;0.3;27
0.44;0.31;29
0.44;0.32;31
0.44;0.33;33
0.44;0.34;38
0.44;0.35;42
0.44;0.36;49
0.44;0.37;55
0.44;0.38;64
0.44;0.39;77
0.44;0.4;99
0.44;0.41;134
0.44;0.42;204
0.44;0.43;410
0.44;0.44;1000
0.45;0.0;1000
0.45;0.01;1000
0.45;0.02;1000
0.45;0.03;1000
0.45;0.04;1000
0.45;0.05;1000
0.45;0.06;66
0.45;0.07;35
0.45;0.08;23
0.45;0.09;17
0.45;0.1;13
0.45;0.11;9
0.45;0.12;10
0.45;0.13;11
0.45;0.14;10
0.45;0.15;10
0.45;0.16;12
0.45;0.17;12
0.45;0.18;12
0.45;0.19;14
0.45;0.2;14
0.45;0.21;14
0.45;0.22;16
0.45;0.23;16
0.45;0.24;16
0.45;0.25;18
0.45;0.26;18
0.45;0.27;20
0.45;0.28;20
0.45;0.29;22
0.45;0.3;24
0.45;0.31;26
0.45;0.32;29
0.45;0.33;33
0.45;0.34;35
0.45;0.35;39
0.45;0.36;44
0.45;0.37;50
0.45;0.38;59
0.45;0.39;67
0.45;0.4;80
0.45;0.41;104
0.45;0.42;138
0.45;0.43;207
0.45;0.44;420
0.45;0.45;1000
0.46;0.0;1000
0.46;0.01;1000
0.46;0.02;1000
0.46;0.03;1000
0.46;0.04;1000
0.46;0.05;70
0.46;0.06;37
0.46;0.07;25
0.46;0.08;18
0.46;0.09;14
0.46;0.1;11
0.46;0.11;8
0.46;0.12;10
0.46;0.13;10
0.46;0.14;10
0.46;0.15;10
0.46;0.16;12
0.46;0.17;12
0.46;0.18;12
0.46;0.19;14
0.46;0.2;14
0.46;0.21;14
0.46;0.22;14
0.46;0.23;16
0.46;0.24;16
0.46;0.25;15
0.46;0.26;17
0.46;0.27;17
0.46;0.28;20
0.46;0.29;22
0.46;0.3;24
0.46;0.31;26
0.46;0.32;28
0.46;0.33;30
0.46;0.34;32
0.46;0.35;34
0.46;0.36;41
0.46;0.37;45
0.46;0.38;51
0.46;0.39;60
0.46;0.4;68
0.46;0.41;83
0.46;0.42;104
0.46;0.43;140
0.46;0.44;212
0.46;0.45;430
0.46;0.46;1000
0.47;0.0;1000
0.47;0.01;1000
0.47;0.02;1000
0.47;0.03;1000
0.47;0.04;73
0.47;0.05;39
0.47;0.06;26
0.47;0.07;19
0.47;0.08;15
0.47;0.09;12
0.47;0.1;9
0.47;0.11;8
0.47;0.12;10
0.47;0.13;10
0.47;0.14;10
0.47;0.15;9
0.47;0.16;12
0.47;0.17;12
0.47;0.18;11
0.47;0.19;11
0.47;0.2;13
0.47;0.21;13
0.47;0.22;13
0.47;0.23;15
0.47;0.24;15
0.47;0.25;15
0.47;0.26;17
0.47;0.27;19
0.47;0.28;19
0.47;0.29;21
0.47;0.3;21
0.47;0.31;23
0.47;0.32;25
0.47;0.33;28
0.47;0.34;32
0.47;0.35;34
0.47;0.36;38
0.47;0.37;42
0.47;0.38;46
0.47;0.39;53
0.47;0.4;61
0.47;0.41;69
0.47;0.42;88
0.47;0.43;111
0.47;0.44;144
0.47;0.45;217
0.47;0.46;438
0.47;0.47;1000
0.48;0.0;1000
0.48;0.01;1000
0.48;0.02;1000
0.48;0.03;76
0.48;0.04;40
0.48;0.05;27
0.48;0.06;20
0.48;0.07;16
0.48;0.08;13
0.48;0.09;11
0.48;0.1;8
0.48;0.11;7
0.48;0.12;10
0.48;0.13;10
0.48;0.14;9
0.48;0.15;9
0.48;0.16;11
0.48;0.17;11
0.48;0.18;11
0.48;0.19;11
0.48;0.2;13
0.48;0.21;13
0.48;0.22;13
0.48;0.23;15
0.48;0.24;15
0.48;0.25;15
0.48;0.26;17
0.48;0.27;19
0.48;0.28;19
0.48;0.29;21
0.48;0.3;21
0.48;0.31;23
0.48;0.32;25
0.48;0.33;27
0.48;0.34;29
0.48;0.35;31
0.48;0.36;33
0.48;0.37;37
0.48;0.38;42
0.48;0.39;48
0.48;0.4;54
0.48;0.41;62
0.48;0.42;72
0.48;0.43;91
0.48;0.44;109
0.48;0.45;146
0.48;0.46;222
0.48;0.47;448
0.48;0.48;1000
0.49;0.0;1000
0.49;0.01;1000
0.49;0.02;79
0.49;0.03;42
0.49;0.04;29
0.49;0.05;21
0.49;0.06;17
0.49;0.07;14
0.49;0.08;11
0.49;0.09;9
0.49;0.1;8
0.49;0.11;9
0.49;0.12;9
0.49;0.13;9
0.49;0.14;9
0.49;0.15;11
0.49;0.16;11
0.49;0.17;11
0.49;0.18;11
0.49;0.19;11
0.49;0.2;13
0.49;0.21;13
0.49;0.22;13
0.49;0.23;12
0.49;0.24;15
0.49;0.25;14
0.49;0.26;17
0.49;0.27;17
0.49;0.28;19
0.49;0.29;19
0.49;0.3;21
0.49;0.31;23
0.49;0.32;25
0.49;0.33;27
0.49;0.34;29
0.49;0.35;31
0.49;0.36;33
0.49;0.37;37
0.49;0.38;39
0.49;0.39;45
0.49;0.4;49
0.49;0.41;55
0.49;0.42;63
0.49;0.43;73
0.49;0.44;92
0.49;0.45;116
0.49;0.46;150
0.49;0.47;225
0.49;0.48;456
0.49;0.49;1000
0.5;0.0;1000
0.5;0.01;83
0.5;0.02;44
0.5;0.03;30
0.5;0.04;22
0.5;0.05;18
0.5;0.06;15
0.5;0.07;12
0.5;0.08;10
0.5;0.09;8
0.5;0.1;7
0.5;0.11;9
0.5;0.12;9
0.5;0.13;9
0.5;0.14;9
0.5;0.15;9
0.5;0.16;11
0.5;0.17;11
0.5;0.18;11
0.5;0.19;10
0.5;0.2;12
0.5;0.21;12
0.5;0.22;12
0.5;0.23;14
0.5;0.24;14
0.5;0.25;14
0.5;0.26;16
0.5;0.27;16
0.5;0.28;18
0.5;0.29;18
0.5;0.3;20
0.5;0.31;20
0.5;0.32;22
0.5;0.33;24
0.5;0.34;26
0.5;0.35;28
0.5;0.36;30
0.5;0.37;32
0.5;0.38;36
0.5;0.39;40
0.5;0.4;44
0.5;0.41;48
0.5;0.42;54
0.5;0.43;64
0.5;0.44;74
0.5;0.45;90
0.5;0.46;114
0.5;0.47;152
0.5;0.48;230
0.5;0.49;462
0.5;0.5;1000
0.51;0.0;86
0.51;0.01;45
0.51;0.02;31
0.51;0.03;23
0.51;0.04;19
0.51;0.05;15
0.51;0.06;13
0.51;0.07;11
0.51;0.08;9
0.51;0.09;8
0.51;0.1;7
0.51;0.11;9
0.51;0.12;9
0.51;0.13;9
0.51;0.14;9
0.51;0.15;8
0.51;0.16;10
0.51;0.17;10
0.51;0.18;10
0.51;0.19;10
0.51;0.2;12
0.51;0.21;12
0.51;0.22;12
0.51;0.23;14
0.51;0.24;14
0.51;0.25;14
0.51;0.26;16
0.51;0.27;16
0.51;0.28;18
0.51;0.29;18
0.51;0.3;20
0.51;0.31;20
0.51;0.32;22
0.51;0.33;24
0.51;0.34;26
0.51;0.35;28
0.51;0.36;30
0.51;0.37;32
0.51;0.38;34
0.51;0.39;38
0.51;0.4;42
0.51;0.41;46
0.51;0.42;52
0.51;0.43;58
0.51;0.44;66
0.51;0.45;75
0.51;0.46;95
0.51;0.47;123
0.51;0.48;154
0.51;0.49;1000
0.51;0.5;1000
0.51;0.51;1000
0.52;0.0;47
0.52;0.01;32
0.52;0.02;24
0.52;0.03;19
0.52;0.04;16
0.52;0.05;13
0.52;0.06;12
0.52;0.07;10
0.52;0.08;8
0.52;0.09;7
0.52;0.1;6
0.52;0.11;9
0.52;0.12;9
0.52;0.13;9
0.52;0.14;8
0.52;0.15;10
0.52;0.16;10
0.52;0.17;10
0.52;0.18;10
0.52;0.19;10
0.52;0.2;12
0.52;0.21;12
0.52;0.22;12
0.52;0.23;14
0.52;0.24;14
0.52;0.25;14
0.52;0.26;16
0.52;0.27;16
0.52;0.28;18
0.52;0.29;18
0.52;0.3;20
0.52;0.31;20
0.52;0.32;22
0.52;0.33;22
0.52;0.34;24
0.52;0.35;26
0.52;0.36;28
0.52;0.37;30
0.52;0.38;32
0.52;0.39;33
0.52;0.4;37
0.52;0.41;41
0.52;0.42;47
0.52;0.43;53
0.52;0.44;61
0.52;0.45;69
0.52;0.46;78
0.52;0.47;100
0.52;0.48;1000
0.52;0.49;1000
0.52;0.5;1000
0.52;0.51;1000
0.52;0.52;1000
0.53;0.0;33
0.53;0.01;25
0.53;0.02;20
0.53;0.03;17
0.53;0.04;14
0.53;0.05;12
0.53;0.06;10
0.53;0.07;9
0.53;0.08;8
0.53;0.09;7
0.53;0.1;8
0.53;0.11;9
0.53;0.12;8
0.53;0.13;8
0.53;0.14;8
0.53;0.15;10
0.53;0.16;10
0.53;0.17;10
0.53;0.18;10
0.53;0.19;10
0.53;0.2;12
0.53;0.21;12
0.53;0.22;12
0.53;0.23;12
0.53;0.24;14
0.53;0.25;14
0.53;0.26;14
0.53;0.27;16
0.53;0.28;16
0.53;0.29;18
0.53;0.3;18
0.53;0.31;19
0.53;0.32;20
0.53;0.33;21
0.53;0.34;23
0.53;0.35;25
0.53;0.36;25
0.53;0.37;27
0.53;0.38;31
0.53;0.39;33
0.53;0.4;37
0.53;0.41;39
0.53;0.42;43
0.53;0.43;47
0.53;0.44;52
0.53;0.45;60
0.53;0.46;72
0.53;0.47;1000
0.53;0.48;1000
0.53;0.49;1000
0.53;0.5;1000
0.53;0.51;1000
0.53;0.52;1000
0.53;0.53;1000
0.54;0.0;26
0.54;0.01;21
0.54;0.02;17
0.54;0.03;15
0.54;0.04;13
0.54;0.05;11
0.54;0.06;10
0.54;0.07;8
0.54;0.08;7
0.54;0.09;6
0.54;0.1;8
0.54;0.11;8
0.54;0.12;8
0.54;0.13;8
0.54;0.14;8
0.54;0.15;10
0.54;0.16;10
0.54;0.17;10
0.54;0.18;10
0.54;0.19;10
0.54;0.2;12
0.54;0.21;12
0.54;0.22;12
0.54;0.23;12
0.54;0.24;13
0.54;0.25;13
0.54;0.26;13
0.54;0.27;15
0.54;0.28;15
0.54;0.29;17
0.54;0.3;17
0.54;0.31;19
0.54;0.32;19
0.54;0.33;21
0.54;0.34;23
0.54;0.35;23
0.54;0.36;25
0.54;0.37;27
0.54;0.38;29
0.54;0.39;31
0.54;0.4;33
0.54;0.41;35
0.54;0.42;38
0.54;0.43;44
0.54;0.44;50
0.54;0.45;56
0.54;0.46;1000
0.54;0.47;1000
0.54;0.48;1000
0.54;0.49;1000
0.54;0.5;1000
0.54;0.51;1000
0.54;0.52;1000
0.54;0.53;1000
0.54;0.54;1000
0.55;0.0;21
0.55;0.01;18
0.55;0.02;15
0.55;0.03;13
0.55;0.04;11
0.55;0.05;10
0.55;0.06;9
0.55;0.07;8
0.55;0.08;7
0.55;0.09;6
0.55;0.1;8
0.55;0.11;8
0.55;0.12;8
0.55;0.13;8
0.55;0.14;8
0.55;0.15;9
0.55;0.16;10
0.55;0.17;10
0.55;0.18;10
0.55;0.19;9
0.55;0.2;11
0.55;0.21;11
0.55;0.22;11
0.55;0.23;13
0.55;0.24;13
0.55;0.25;13
0.55;0.26;15
0.55;0.27;15
0.55;0.28;15
0.55;0.29;17
0.55;0.3;17
0.55;0.31;19
0.55;0.32;19
0.55;0.33;21
0.55;0.34;21
0.55;0.35;23
0.55;0.36;25
0.55;0.37;27
0.55;0.38;27
0.55;0.39;29
0.55;0.4;30
0.55;0.41;34
0.55;0.42;38
0.55;0.43;42
0.55;0.44;46
0.55;0.45;1000
0.55;0.46;1000
0.55;0.47;1000
0.55;0.48;1000
0.55;0.49;1000
0.55;0.5;1000
0.55;0.51;1000
0.55;0.52;1000
0.55;0.53;1000
0.55;0.54;1000
0.55;0.55;1000
0.56;0.0;18
0.56;0.01;15
0.56;0.02;13
0.56;0.03;12
0.56;0.04;10
0.56;0.05;9
0.56;0.06;8
0.56;0.07;7
0.56;0.08;6
0.56;0.09;6
0.56;0.1;8
0.56;0.11;8
0.56;0.12;8
0.56;0.13;8
0.56;0.14;8
0.56;0.15;9
0.56;0.16;9
0.56;0.17;9
0.56;0.18;9
0.56;0.19;9
0.56;0.2;11
0.56;0.21;11
0.56;0.22;11
0.56;0.23;13
0.56;0.24;13
0.56;0.25;13
0.56;0.26;15
0.56;0.27;15
0.56;0.28;15
0.56;0.29;17
0.56;0.3;17
0.56;0.31;19
0.56;0.32;19
0.56;0.33;21
0.56;0.34;21
0.56;0.35;23
0.56;0.36;23
0.56;0.37;24
0.56;0.38;26
0.56;0.39;28
0.56;0.4;30
0.56;0.41;34
0.56;0.42;36
0.56;0.43;38
0.56;0.44;1000
0.56;0.45;1000
0.56;0.46;1000
0.56;0.47;1000
0.56;0.48;1000
0.56;0.49;1000
0.56;0.5;1000
0.56;0.51;1000
0.56;0.52;1000
0.56;0.53;1000
0.56;0.54;1000
0.56;0.55;1000
0.56;0.56;1000
0.57;0.0;16
0.57;0.01;14
0.57;0.02;12
0.57;0.03;11
0.57;0.04;10
0.57;0.05;9
0.57;0.06;8
0.57;0.07;7
0.57;0.08;6
0.57;0.09;8
0.57;0.1;8
0.57;0.11;8
0.57;0.12;8
0.57;0.13;8
0.57;0.14;7
0.57;0.15;9
0.57;0.16;9
0.57;0.17;9
0.57;0.18;9
0.57;0.19;11
0.57;0.2;11
0.57;0.21;11
0.57;0.22;11
0.57;0.23;13
0.57;0.24;13
0.57;0.25;13
0.57;0.26;13
0.57;0.27;15
0.57;0.28;15
0.57;0.29;17
0.57;0.3;17
0.57;0.31;17
0.57;0.32;19
0.57;0.33;19
0.57;0.34;19
0.57;0.35;21
0.57;0.36;22
0.57;0.37;24
0.57;0.38;26
0.57;0.39;28
0.57;0.4;30
0.57;0.41;32
0.57;0.42;32
0.57;0.43;1000
0.57;0.44;1000
0.57;0.45;1000
0.57;0.46;1000
0.57;0.47;1000
0.57;0.48;1000
0.57;0.49;1000
0.57;0.5;1000
0.57;0.51;1000
0.57;0.52;1000
0.57;0.53;1000
0.57;0.54;1000
0.57;0.55;1000
0.57;0.56;1000
0.57;0.57;1000
0.58;0.0;14
0.58;0.01;13
0.58;0.02;11
0.58;0.03;10
0.58;0.04;9
0.58;0.05;8
0.58;0.06;7
0.58;0.07;6
0.58;0.08;6
0.58;0.09;8
0.58;0.1;8
0.58;0.11;8
0.58;0.12;8
0.58;0.13;7
0.58;0.14;9
0.58;0.15;9
0.58;0.16;9
0.58;0.17;9
0.58;0.18;9
0.58;0.19;11
0.58;0.2;11
0.58;0.21;11
0.58;0.22;11
0.58;0.23;13
0.58;0.24;13
0.58;0.25;13
0.58;0.26;13
0.58;0.27;15
0.58;0.28;15
0.58;0.29;15
0.58;0.3;17
0.58;0.31;17
0.58;0.32;17
0.58;0.33;18
0.58;0.34;20
0.58;0.35;20
0.58;0.36;22
0.58;0.37;24
0.58;0.38;24
0.58;0.39;26
0.58;0.4;28
0.58;0.41;28
0.58;0.42;1000
0.58;0.43;1000
0.58;0.44;1000
0.58;0.45;1000
0.58;0.46;1000
0.58;0.47;1000
0.58;0.48;1000
0.58;0.49;1000
0.58;0.5;1000
0.58;0.51;1000
0.58;0.52;1000
0.58;0.53;1000
0.58;0.54;1000
0.58;0.55;1000
0.58;0.56;1000
0.58;0.57;1000
0.58;0.58;1000
0.59;0.0;13
0.59;0.01;12
0.59;0.02;10
0.59;0.03;9
0.59;0.04;8
0.59;0.05;8
0.59;0.06;7
0.59;0.07;6
0.59;0.08;6
0.59;0.09;7
0.59;0.1;8
0.59;0.11;7
0.59;0.12;7
0.59;0.13;7
0.59;0.14;9
0.59;0.15;9
0.59;0.16;9
0.59;0.17;9
0.59;0.18;9
0.59;0.19;11
0.59;0.2;11
0.59;0.21;11
0.59;0.22;11
0.59;0.23;11
0.59;0.24;13
0.59;0.25;13
0.59;0.26;13
0.59;0.27;13
0.59;0.28;15
0.59;0.29;15
0.59;0.3;16
0.59;0.31;16
0.59;0.32;16
0.59;0.33;18
0.59;0.34;20
0.59;0.35;20
0.59;0.36;22
0.59;0.37;22
0.59;0.38;24
0.59;0.39;26
0.59;0.4;26
0.59;0.41;1000
0.59;0.42;1000
0.59;0.43;1000
0.59;0.44;1000
0.59;0.45;1000
0.59;0.46;1000
0.59;0.47;1000
0.59;0.48;1000
0.59;0.49;1000
0.59;0.5;1000
0.59;0.51;1000
0.59;0.52;1000
0.59;0.53;1000
0.59;0.54;1000
0.59;0.55;1000
0.59;0.56;1000
0.59;0.57;1000
0.59;0.58;1000
0.59;0.59;1000
0.6;0.0;12
0.6;0.01;11
0.6;0.02;10
0.6;0.03;9
0.6;0.04;8
0.6;0.05;7
0.6;0.06;6
0.6;0.07;6
0.6;0.08;7
0.6;0.09;7
0.6;0.1;7
0.6;0.11;7
0.6;0.12;7
0.6;0.13;7
0.6;0.14;9
0.6;0.15;9
0.6;0.16;9
0.6;0.17;9
0.6;0.18;9
0.6;0.19;11
0.6;0.2;11
0.6;0.21;11
0.6;0.22;11
0.6;0.23;11
0.6;0.24;13
0.6;0.25;13
0.6;0.26;13
0.6;0.27;13
0.6;0.28;14
0.6;0.29;14
0.6;0.3;16
0.6;0.31;16
0.6;0.32;16
0.6;0.33;18
0.6;0.34;18
0.6;0.35;20
0.6;0.36;20
0.6;0.37;22
0.6;0.38;22
0.6;0.39;24
0.6;0.4;1000
0.6;0.41;1000
0.6;0.42;1000
0.6;0.43;1000
0.6;0.44;1000
0.6;0.45;1000
0.6;0.46;1000
0.6;0.47;1000
0.6;0.48;1000
0.6;0.49;1000
0.6;0.5;1000
0.6;0.51;1000
0.6;0.52;1000
0.6;0.53;1000
0.6;0.54;1000
0.6;0.55;1000
0.6;0.56;1000
0.6;0.57;1000
0.6;0.58;1000
0.6;0.59;1000
0.6;0.6;1000
0.61;0.0;11
0.61;0.01;10
0.61;0.02;9
0.61;0.03;8
0.61;0.04;8
0.61;0.05;7
0.61;0.06;6
0.61;0.07;6
0.61;0.08;7
0.61;0.09;7
0.61;0.1;7
0.61;0.11;7
0.61;0.12;7
0.61;0.13;7
0.61;0.14;9
0.61;0.15;9
0.61;0.16;9
0.61;0.17;9
0.61;0.18;9
0.61;0.19;9
0.61;0.2;11
0.61;0.21;11
0.61;0.22;11
0.61;0.23;11
0.61;0.24;12
0.61;0.25;12
0.61;0.26;12
0.61;0.27;12
0.61;0.28;14
0.61;0.29;14
0.61;0.3;16
0.61;0.31;16
0.61;0.32;16
0.61;0.33;18
0.61;0.34;18
0.61;0.35;20
0.61;0.36;20
0.61;0.37;20
0.61;0.38;22
0.61;0.39;1000
0.61;0.4;1000
0.61;0.41;1000
0.61;0.42;1000
0.61;0.43;1000
0.61;0.44;1000
0.61;0.45;1000
0.61;0.46;1000
0.61;0.47;1000
0.61;0.48;1000
0.61;0.49;1000
0.61;0.5;1000
0.61;0.51;1000
0.61;0.52;1000
0.61;0.53;1000
0.61;0.54;1000
0.61;0.55;1000
0.61;0.56;1000
0.61;0.57;1000
0.61;0.58;1000
0.61;0.59;1000
0.61;0.6;1000
0.61;0.61;1000
0.62;0.0;10
0.62;0.01;9
0.62;0.02;9
0.62;0.03;8
0.62;0.04;7
0.62;0.05;6
0.62;0.06;6
0.62;0.07;5
0.62;0.08;7
0.62;0.09;7
0.62;0.1;7
0.62;0.11;7
0.62;0.12;7
0.62;0.13;7
0.62;0.14;9
0.62;0.15;9
0.62;0.16;9
0.62;0.17;9
0.62;0.18;9
0.62;0.19;9
0.62;0.2;10
0.62;0.21;11
0.62;0.22;11
0.62;0.23;11
0.62;0.24;12
0.62;0.25;12
0.62;0.26;12
0.62;0.27;14
0.62;0.28;14
0.62;0.29;14
0.62;0.3;16
0.62;0.31;16
0.62;0.32;16
0.62;0.33;18
0.62;0.34;18
0.62;0.35;18
0.62;0.36;20
0.62;0.37;20
0.62;0.38;1000
0.62;0.39;1000
0.62;0.4;1000
0.62;0.41;1000
0.62;0.42;1000
0.62;0.43;1000
0.62;0.44;1000
0.62;0.45;1000
0.62;0.46;1000
0.62;0.47;1000
0.62;0.48;1000
0.62;0.49;1000
0.62;0.5;1000
0.62;0.51;1000
0.62;0.52;1000
0.62;0.53;1000
0.62;0.54;1000
0.62;0.55;1000
0.62;0.56;1000
0.62;0.57;1000
0.62;0.58;1000
0.62;0.59;1000
0.62;0.6;1000
0.62;0.61;1000
0.62;0.62;1000
0.63;0.0;10
0.63;0.01;9
0.63;0.02;8
0.63;0.03;7
0.63;0.04;7
0.63;0.05;6
0.63;0.06;6
0.63;0.07;5
0.63;0.08;7
0.63;0.09;7
0.63;0.1;7
0.63;0.11;7
0.63;0.12;7
0.63;0.13;7
0.63;0.14;9
0.63;0.15;9
0.63;0.16;9
0.63;0.17;9
0.63;0.18;9
0.63;0.19;10
0.63;0.2;10
0.63;0.21;10
0.63;0.22;10
0.63;0.23;10
0.63;0.24;12
0.63;0.25;12
0.63;0.26;12
0.63;0.27;14
0.63;0.28;14
0.63;0.29;14
0.63;0.3;14
0.63;0.31;16
0.63;0.32;16
0.63;0.33;16
0.63;0.34;18
0.63;0.35;18
0.63;0.36;18
0.63;0.37;1000
0.63;0.38;1000
0.63;0.39;1000
0.63;0.4;1000
0.63;0.41;1000
0.63;0.42;1000
0.63;0.43;1000
0.63;0.44;1000
0.63;0.45;1000
0.63;0.46;1000
0.63;0.47;1000
0.63;0.48;1000
0.63;0.49;1000
0.63;0.5;1000
0.63;0.51;1000
0.63;0.52;1000
0.63;0.53;1000
0.63;0.54;1000
0.63;0.55;1000
0.63;0.56;1000
0.63;0.57;1000
0.63;0.58;1000
0.63;0.59;1000
0.63;0.6;1000
0.63;0.61;1000
0.63;0.62;1000
0.63;0.63;1000
0.64;0.0;9
0.64;0.01;8
0.64;0.02;8
0.64;0.03;7
0.64;0.04;6
0.64;0.05;6
0.64;0.06;5
0.64;0.07;5
0.64;0.08;7
0.64;0.09;7
0.64;0.1;7
0.64;0.11;7
0.64;0.12;7
0.64;0.13;7
0.64;0.14;8
0.64;0.15;9
0.64;0.16;9
0.64;0.17;9
0.64;0.18;9
0.64;0.19;10
0.64;0.2;10
0.64;0.21;10
0.64;0.22;10
0.64;0.23;10
0.64;0.24;12
0.64;0.25;12
0.64;0.26;12
0.64;0.27;12
0.64;0.28;14
0.64;0.29;14
0.64;0.3;14
0.64;0.31;16
0.64;0.32;16
0.64;0.33;16
0.64;0.34;16
0.64;0.35;17
0.64;0.36;1000
0.64;0.37;1000
0.64;0.38;1000
0.64;0.39;1000
0.64;0.4;1000
0.64;0.41;1000
0.64;0.42;1000
0.64;0.43;1000
0.64;0.44;1000
0.64;0.45;1000
0.64;0.46;1000
0.64;0.47;1000
0.64;0.48;1000
0.64;0.49;1000
0.64;0.5;1000
0.64;0.51;1000
0.64;0.52;1000
0.64;0.53;1000
0.64;0.54;1000
0.64;0.55;1000
0.64;0.56;1000
0.64;0.57;1000
0.64;0.58;1000
0.64;0.59;1000
0.64;0.6;1000
0.64;0.61;1000
0.64;0.62;1000
0.64;0.63;1000
0.64;0.64;1000
0.65;0.0;9
0.65;0.01;8
0.65;0.02;7
0.65;0.03;7
0.65;0.04;6
0.65;0.05;6
0.65;0.06;5
0.65;0.07;6
0.65;0.08;7
0.65;0.09;7
0.65;0.1;7
0.65;0.11;7
0.65;0.12;7
0.65;0.13;8
0.65;0.14;8
0.65;0.15;8
0.65;0.16;9
0.65;0.17;9
0.65;0.18;8
0.65;0.19;10
0.65;0.2;10
0.65;0.21;10
0.65;0.22;10
0.65;0.23;10
0.65;0.24;12
0.65;0.25;12
0.65;0.26;12
0.65;0.27;12
0.65;0.28;14
0.65;0.29;14
0.65;0.3;14
0.65;0.31;14
0.65;0.32;16
0.65;0.33;16
0.65;0.34;16
0.65;0.35;1000
0.65;0.36;1000
0.65;0.37;1000
0.65;0.38;1000
0.65;0.39;1000
0.65;0.4;1000
0.65;0.41;1000
0.65;0.42;1000
0.65;0.43;1000
0.65;0.44;1000
0.65;0.45;1000
0.65;0.46;1000
0.65;0.47;1000
0.65;0.48;1000
0.65;0.49;1000
0.65;0.5;1000
0.65;0.51;1000
0.65;0.52;1000
0.65;0.53;1000
0.65;0.54;1000
0.65;0.55;1000
0.65;0.56;1000
0.65;0.57;1000
0.65;0.58;1000
0.65;0.59;1000
0.65;0.6;1000
0.65;0.61;1000
0.65;0.62;1000
0.65;0.63;1000
0.65;0.64;1000
0.65;0.65;1000
0.66;0.0;8
0.66;0.01;8
0.66;0.02;7
0.66;0.03;7
0.66;0.04;6
0.66;0.05;5
0.66;0.06;5
0.66;0.07;6
0.66;0.08;7
0.66;0.09;7
0.66;0.1;7
0.66;0.11;7
0.66;0.12;7
0.66;0.13;8
0.66;0.14;8
0.66;0.15;8
0.66;0.16;8
0.66;0.17;8
0.66;0.18;8
0.66;0.19;10
0.66;0.2;10
0.66;0.21;10
0.66;0.22;10
0.66;0.23;10
0.66;0.24;12
0.66;0.25;12
0.66;0.26;12
0.66;0.27;12
0.66;0.28;14
0.66;0.29;14
0.66;0.3;14
0.66;0.31;14
0.66;0.32;15
0.66;0.33;15
0.66;0.34;1000
0.66;0.35;1000
0.66;0.36;1000
0.66;0.37;1000
0.66;0.38;1000
0.66;0.39;1000
0.66;0.4;1000
0.66;0.41;1000
0.66;0.42;1000
0.66;0.43;1000
0.66;0.44;1000
0.66;0.45;1000
0.66;0.46;1000
0.66;0.47;1000
0.66;0.48;1000
0.66;0.49;1000
0.66;0.5;1000
0.66;0.51;1000
0.66;0.52;1000
0.66;0.53;1000
0.66;0.54;1000
0.66;0.55;1000
0.66;0.56;1000
0.66;0.57;1000
0.66;0.58;1000
0.66;0.59;1000
0.66;0.6;1000
0.66;0.61;1000
0.66;0.62;1000
0.66;0.63;1000
0.66;0.64;1000
0.66;0.65;1000
0.66;0.66;1000
0.67;0.0;8
0.67;0.01;7
0.67;0.02;7
0.67;0.03;6
0.67;0.04;6
0.67;0.05;5
0.67;0.06;5
0.67;0.07;6
0.67;0.08;7
0.67;0.09;7
0.67;0.1;7
0.67;0.11;7
0.67;0.12;7
0.67;0.13;8
0.67;0.14;8
0.67;0.15;8
0.67;0.16;8
0.67;0.17;8
0.67;0.18;8
0.67;0.19;10
0.67;0.2;10
0.67;0.21;10
0.67;0.22;10
0.67;0.23;10
0.67;0.24;12
0.67;0.25;12
0.67;0.26;12
0.67;0.27;12
0.67;0.28;12
0.67;0.29;14
0.67;0.3;14
0.67;0.31;14
0.67;0.32;15
0.67;0.33;1000
0.67;0.34;1000
0.67;0.35;1000
0.67;0.36;1000
0.67;0.37;1000
0.67;0.38;1000
0.67;0.39;1000
0.67;0.4;1000
0.67;0.41;1000
0.67;0.42;1000
0.67;0.43;1000
0.67;0.44;1000
0.67;0.45;1000
0.67;0.46;1000
0.67;0.47;1000
0.67;0.48;1000
0.67;0.49;1000
0.67;0.5;1000
0.67;0.51;1000
0.67;0.52;1000
0.67;0.53;1000
0.67;0.54;1000
0.67;0.55;1000
0.67;0.56;1000
0.67;0.57;1000
0.67;0.58;1000
0.67;0.59;1000
0.67;0.6;1000
0.67;0.61;1000
0.67;0.62;1000
0.67;0.63;1000
0.67;0.64;1000
0.67;0.65;1000
0.67;0.66;1000
0.67;0.67;1000
0.68;0.0;8
0.68;0.01;7
0.68;0.02;7
0.68;0.03;6
0.68;0.04;5
0.68;0.05;5
0.68;0.06;6
0.68;0.07;6
0.68;0.08;7
0.68;0.09;7
0.68;0.1;7
0.68;0.11;7
0.68;0.12;6
0.68;0.13;8
0.68;0.14;8
0.68;0.15;8
0.68;0.16;8
0.68;0.17;8
0.68;0.18;8
0.68;0.19;10
0.68;0.2;10
0.68;0.21;10
0.68;0.22;10
0.68;0.23;10
0.68;0.24;12
0.68;0.25;12
0.68;0.26;12
0.68;0.27;12
0.68;0.28;12
0.68;0.29;12
0.68;0.3;13
0.68;0.31;14
0.68;0.32;1000
0.68;0.33;1000
0.68;0.34;1000
0.68;0.35;1000
0.68;0.36;1000
0.68;0.37;1000
0.68;0.38;1000
0.68;0.39;1000
0.68;0.4;1000
0.68;0.41;1000
0.68;0.42;1000
0.68;0.43;1000
0.68;0.44;1000
0.68;0.45;1000
0.68;0.46;1000
0.68;0.47;1000
0.68;0.48;1000
0.68;0.49;1000
0.68;0.5;1000
0.68;0.51;1000
0.68;0.52;1000
0.68;0.53;1000
0.68;0.54;1000
0.68;0.55;1000
0.68;0.56;1000
0.68;0.57;1000
0.68;0.58;1000
0.68;0.59;1000
0.68;0.6;1000
0.68;0.61;1000
0.68;0.62;1000
0.68;0.63;1000
0.68;0.64;1000
0.68;0.65;1000
0.68;0.66;1000
0.68;0.67;1000
0.68;0.68;1000
0.69;0.0;7
0.69;0.01;7
0.69;0.02;6
0.69;0.03;6
0.69;0.04;5
0.69;0.05;5
0.69;0.06;6
0.69;0.07;6
0.69;0.08;6
0.69;0.09;7
0.69;0.1;6
0.69;0.11;6
0.69;0.12;8
0.69;0.13;8
0.69;0.14;8
0.69;0.15;8
0.69;0.16;8
0.69;0.17;8
0.69;0.18;8
0.69;0.19;10
0.69;0.2;10
0.69;0.21;10
0.69;0.22;10
0.69;0.23;10
0.69;0.24;10
0.69;0.25;12
0.69;0.26;12
0.69;0.27;12
0.69;0.28;12
0.69;0.29;13
0.69;0.3;13
0.69;0.31;1000
0.69;0.32;1000
0.69;0.33;1000
0.69;0.34;1000
0.69;0.35;1000
0.69;0.36;1000
0.69;0.37;1000
0.69;0.38;1000
0.69;0.39;1000
0.69;0.4;1000
0.69;0.41;1000
0.69;0.42;1000
0.69;0.43;1000
0.69;0.44;1000
0.69;0.45;1000
0.69;0.46;1000
0.69;0.47;1000
0.69;0.48;1000
0.69;0.49;1000
0.69;0.5;1000
0.69;0.51;1000
0.69;0.52;1000
0.69;0.53;1000
0.69;0.54;1000
0.69;0.55;1000
0.69;0.56;1000
0.69;0.57;1000
0.69;0.58;1000
0.69;0.59;1000
0.69;0.6;1000
0.69;0.61;1000
0.69;0.62;1000
0.69;0.63;1000
0.69;0.64;1000
0.69;0.65;1000
0.69;0.66;1000
0.69;0.67;1000
0.69;0.68;1000
0.69;0.69;1000
0.7;0.0;7
0.7;0.01;7
0.7;0.02;6
0.7;0.03;6
0.7;0.04;5
0.7;0.05;5
0.7;0.06;6
0.7;0.07;6
0.7;0.08;6
0.7;0.09;6
0.7;0.1;6
0.7;0.11;6
0.7;0.12;8
0.7;0.13;8
0.7;0.14;8
0.7;0.15;8
0.7;0.16;8
0.7;0.17;8
0.7;0.18;8
0.7;0.19;10
0.7;0.2;10
0.7;0.21;10
0.7;0.22;10
0.7;0.23;10
0.7;0.24;10
0.7;0.25;10
0.7;0.26;12
0.7;0.27;12
0.7;0.28;12
0.7;0.29;13
0.7;0.3;1000
0.7;0.31;1000
0.7;0.32;1000
0.7;0.33;1000
0.7;0.34;1000
0.7;0.35;1000
0.7;0.36;1000
0.7;0.37;1000
0.7;0.38;1000
0.7;0.39;1000
0.7;0.4;1000
0.7;0.41;1000
0.7;0.42;1000
0.7;0.43;1000
0.7;0.44;1000
0.7;0.45;1000
0.7;0.46;1000
0.7;0.47;1000
0.7;0.48;1000
0.7;0.49;1000
0.7;0.5;1000
0.7;0.51;1000
0.7;0.52;1000
0.7;0.53;1000
0.7;0.54;1000
0.7;0.55;1000
0.7;0.56;1000
0.7;0.57;1000
0.7;0.58;1000
0.7;0.59;1000
0.7;0.6;1000
0.7;0.61;1000
0.7;0.62;1000
0.7;0.63;1000
0.7;0.64;1000
0.7;0.65;1000
0.7;0.66;1000
0.7;0.67;1000
0.7;0.68;1000
0.7;0.69;1000
0.7;0.7;1000
0.71;0.0;7
0.71;0.01;6
0.71;0.02;6
0.71;0.03;5
0.71;0.04;5
0.71;0.05;5
0.71;0.06;6
0.71;0.07;6
0.71;0.08;6
0.71;0.09;6
0.71;0.1;6
0.71;0.11;6
0.71;0.12;8
0.71;0.13;8
0.71;0.14;8
0.71;0.15;8
0.71;0.16;8
0.71;0.17;8
0.71;0.18;8
0.71;0.19;10
0.71;0.2;10
0.71;0.21;10
0.71;0.22;10
0.71;0.23;10
0.71;0.24;10
0.71;0.25;11
0.71;0.26;11
0.71;0.27;12
0.71;0.28;12
0.71;0.29;1000
0.71;0.3;1000
0.71;0.31;1000
0.71;0.32;1000
0.71;0.33;1000
0.71;0.34;1000
0.71;0.35;1000
0.71;0.36;1000
0.71;0.37;1000
0.71;0.38;1000
0.71;0.39;1000
0.71;0.4;1000
0.71;0.41;1000
0.71;0.42;1000
0.71;0.43;1000
0.71;0.44;1000
0.71;0.45;1000
0.71;0.46;1000
0.71;0.47;1000
0.71;0.48;1000
0.71;0.49;1000
0.71;0.5;1000
0.71;0.51;1000
0.71;0.52;1000
0.71;0.53;1000
0.71;0.54;1000
0.71;0.55;1000
0.71;0.56;1000
0.71;0.57;1000
0.71;0.58;1000
0.71;0.59;1000
0.71;0.6;1000
0.71;0.61;1000
0.71;0.62;1000
0.71;0.63;1000
0.71;0.64;1000
0.71;0.65;1000
0.71;0.66;1000
0.71;0.67;1000
0.71;0.68;1000
0.71;0.69;1000
0.71;0.7;1000
0.71;0.71;1000
0.72;0.0;7
0.72;0.01;6
0.72;0.02;6
0.72;0.03;5
0.72;0.04;5
0.72;0.05;6
0.72;0.06;6
0.72;0.07;6
0.72;0.08;6
0.72;0.09;6
0.72;0.1;6
0.72;0.11;6
0.72;0.12;8
0.72;0.13;8
0.72;0.14;8
0.72;0.15;8
0.72;0.16;8
0.72;0.17;8
0.72;0.18;8
0.72;0.19;8
0.72;0.2;10
0.72;0.21;10
0.72;0.22;10
0.72;0.23;10
0.72;0.24;10
0.72;0.25;11
0.72;0.26;11
0.72;0.27;11
0.72;0.28;1000
0.72;0.29;1000
0.72;0.3;1000
0.72;0.31;1000
0.72;0.32;1000
0.72;0.33;1000
0.72;0.34;1000
0.72;0.35;1000
0.72;0.36;1000
0.72;0.37;1000
0.72;0.38;1000
0.72;0.39;1000
0.72;0.4;1000
0.72;0.41;1000
0.72;0.42;1000
0.72;0.43;1000
0.72;0.44;1000
0.72;0.45;1000
0.72;0.46;1000
0.72;0.47;1000
0.72;0.48;1000
0.72;0.49;1000
0.72;0.5;1000
0.72;0.51;1000
0.72;0.52;1000
0.72;0.53;1000
0.72;0.54;1000
0.72;0.55;1000
0.72;0.56;1000
0.72;0.57;1000
0.72;0.58;1000
0.72;0.59;1000
0.72;0.6;1000
0.72;0.61;1000
0.72;0.62;1000
0.72;0.63;1000
0.72;0.64;1000
0.72;0.65;1000
0.72;0.66;1000
0.72;0.67;1000
0.72;0.68;1000
0.72;0.69;1000
0.72;0.7;1000
0.72;0.71;1000
0.72;0.72;1000
0.73;0.0;6
0.73;0.01;6
0.73;0.02;5
0.73;0.03;5
0.73;0.04;5
0.73;0.05;6
0.73;0.06;6
0.73;0.07;6
0.73;0.08;6
0.73;0.09;6
0.73;0.1;6
0.73;0.11;6
0.73;0.12;8
0.73;0.13;8
0.73;0.14;8
0.73;0.15;8
0.73;0.16;8
0.73;0.17;8
0.73;0.18;8
0.73;0.19;8
0.73;0.2;10
0.73;0.21;10
0.73;0.22;10
0.73;0.23;10
0.73;0.24;10
0.73;0.25;11
0.73;0.26;11
0.73;0.27;1000
0.73;0.28;1000
0.73;0.29;1000
0.73;0.3;1000
0.73;0.31;1000
0.73;0.32;1000
0.73;0.33;1000
0.73;0.34;1000
0.73;0.35;1000
0.73;0.36;1000
0.73;0.37;1000
0.73;0.38;1000
0.73;0.39;1000
0.73;0.4;1000
0.73;0.41;1000
0.73;0.42;1000
0.73;0.43;1000
0.73;0.44;1000
0.73;0.45;1000
0.73;0.46;1000
0.73;0.47;1000
0.73;0.48;1000
0.73;0.49;1000
0.73;0.5;1000
0.73;0.51;1000
0.73;0.52;1000
0.73;0.53;1000
0.73;0.54;1000
0.73;0.55;1000
0.73;0.56;1000
0.73;0.57;1000
0.73;0.58;1000
0.73;0.59;1000
0.73;0.6;1000
0.73;0.61;1000
0.73;0.62;1000
0.73;0.63;1000
0.73;0.64;1000
0.73;0.65;1000
0.73;0.66;1000
0.73;0.67;1000
0.73;0.68;1000
0.73;0.69;1000
0.73;0.7;1000
0.73;0.71;1000
0.73;0.72;1000
0.73;0.73;1000
0.74;0.0;6
0.74;0.01;6
0.74;0.02;5
0.74;0.03;5
0.74;0.04;5
0.74;0.05;6
0.74;0.06;6
0.74;0.07;6
0.74;0.08;6
0.74;0.09;6
0.74;0.1;6
0.74;0.11;6
0.74;0.12;8
0.74;0.13;8
0.74;0.14;8
0.74;0.15;8
0.74;0.16;8
0.74;0.17;8
0.74;0.18;8
0.74;0.19;8
0.74;0.2;9
0.74;0.21;10
0.74;0.22;10
0.74;0.23;10
0.74;0.24;10
0.74;0.25;11
0.74;0.26;1000
0.74;0.27;1000
0.74;0.28;1000
0.74;0.29;1000
0.74;0.3;1000
0.74;0.31;1000
0.74;0.32;1000
0.74;0.33;1000
0.74;0.34;1000
0.74;0.35;1000
0.74;0.36;1000
0.74;0.37;1000
0.74;0.38;1000
0.74;0.39;1000
0.74;0.4;1000
0.74;0.41;1000
0.74;0.42;1000
0.74;0.43;1000
0.74;0.44;1000
0.74;0.45;1000
0.74;0.46;1000
0.74;0.47;1000
0.74;0.48;1000
0.74;0.49;1000
0.74;0.5;1000
0.74;0.51;1000
0.74;0.52;1000
0.74;0.53;1000
0.74;0.54;1000
0.74;0.55;1000
0.74;0.56;1000
0.74;0.57;1000
0.74;0.58;1000
0.74;0.59;1000
0.74;0.6;1000
0.74;0.61;1000
0.74;0.62;1000
0.74;0.63;1000
0.74;0.64;1000
0.74;0.65;1000
0.74;0.66;1000
0.74;0.67;1000
0.74;0.68;1000
0.74;0.69;1000
0.74;0.7;1000
0.74;0.71;1000
0.74;0.72;1000
0.74;0.73;1000
0.74;0.74;1000
0.75;0.0;6
0.75;0.01;6
0.75;0.02;5
0.75;0.03;5
0.75;0.04;4
0.75;0.05;6
0.75;0.06;6
0.75;0.07;6
0.75;0.08;6
0.75;0.09;6
0.75;0.1;6
0.75;0.11;6
0.75;0.12;8
0.75;0.13;8
0.75;0.14;8
0.75;0.15;8
0.75;0.16;8
0.75;0.17;8
0.75;0.18;8
0.75;0.19;9
0.75;0.2;9
0.75;0.21;9
0.75;0.22;10
0.75;0.23;10
0.75;0.24;10
0.75;0.25;1000
0.75;0.26;1000
0.75;0.27;1000
0.75;0.28;1000
0.75;0.29;1000
0.75;0.3;1000
0.75;0.31;1000
0.75;0.32;1000
0.75;0.33;1000
0.75;0.34;1000
0.75;0.35;1000
0.75;0.36;1000
0.75;0.37;1000
0.75;0.38;1000
0.75;0.39;1000
0.75;0.4;1000
0.75;0.41;1000
0.75;0.42;1000
0.75;0.43;1000
0.75;0.44;1000
0.75;0.45;1000
0.75;0.46;1000
0.75;0.47;1000
0.75;0.48;1000
0.75;0.49;1000
0.75;0.5;1000
0.75;0.51;1000
0.75;0.52;1000
0.75;0.53;1000
0.75;0.54;1000
0.75;0.55;1000
0.75;0.56;1000
0.75;0.57;1000
0.75;0.58;1000
0.75;0.59;1000
0.75;0.6;1000
0.75;0.61;1000
0.75;0.62;1000
0.75;0.63;1000
0.75;0.64;1000
0.75;0.65;1000
0.75;0.66;1000
0.75;0.67;1000
0.75;0.68;1000
0.75;0.69;1000
0.75;0.7;1000
0.75;0.71;1000
0.75;0.72;1000
0.75;0.73;1000
0.75;0.74;1000
0.75;0.75;1000
0.76;0.0;6
0.76;0.01;5
0.76;0.02;5
0.76;0.03;5
0.76;0.04;4
0.76;0.05;6
0.76;0.06;6
0.76;0.07;6
0.76;0.08;6
0.76;0.09;6
0.76;0.1;6
0.76;0.11;6
0.76;0.12;6
0.76;0.13;8
0.76;0.14;8
0.76;0.15;8
0.76;0.16;8
0.76;0.17;8
0.76;0.18;8
0.76;0.19;9
0.76;0.2;9
0.76;0.21;9
0.76;0.22;9
0.76;0.23;9
0.76;0.24;1000
0.76;0.25;1000
0.76;0.26;1000
0.76;0.27;1000
0.76;0.28;1000
0.76;0.29;1000
0.76;0.3;1000
0.76;0.31;1000
0.76;0.32;1000
0.76;0.33;1000
0.76;0.34;1000
0.76;0.35;1000
0.76;0.36;1000
0.76;0.37;1000
0.76;0.38;1000
0.76;0.39;1000
0.76;0.4;1000
0.76;0.41;1000
0.76;0.42;1000
0.76;0.43;1000
0.76;0.44;1000
0.76;0.45;1000
0.76;0.46;1000
0.76;0.47;1000
0.76;0.48;1000
0.76;0.49;1000
0.76;0.5;1000
0.76;0.51;1000
0.76;0.52;1000
0.76;0.53;1000
0.76;0.54;1000
0.76;0.55;1000
0.76;0.56;1000
0.76;0.57;1000
0.76;0.58;1000
0.76;0.59;1000
0.76;0.6;1000
0.76;0.61;1000
0.76;0.62;1000
0.76;0.63;1000
0.76;0.64;1000
0.76;0.65;1000
0.76;0.66;1000
0.76;0.67;1000
0.76;0.68;1000
0.76;0.69;1000
0.76;0.7;1000
0.76;0.71;1000
0.76;0.72;1000
0.76;0.73;1000
0.76;0.74;1000
0.76;0.75;1000
0.76;0.76;1000
0.77;0.0;6
0.77;0.01;5
0.77;0.02;5
0.77;0.03;4
0.77;0.04;4
0.77;0.05;6
0.77;0.06;6
0.77;0.07;6
0.77;0.08;6
0.77;0.09;6
0.77;0.1;6
0.77;0.11;6
0.77;0.12;7
0.77;0.13;8
0.77;0.14;8
0.77;0.15;8
0.77;0.16;8
0.77;0.17;8
0.77;0.18;8
0.77;0.19;9
0.77;0.2;9
0.77;0.21;9
0.77;0.22;9
0.77;0.23;1000
0.77;0.24;1000
0.77;0.25;1000
0.77;0.26;1000
0.77;0.27;1000
0.77;0.28;1000
0.77;0.29;1000
0.77;0.3;1000
0.77;0.31;1000
0.77;0.32;1000
0.77;0.33;1000
0.77;0.34;1000
0.77;0.35;1000
0.77;0.36;1000
0.77;0.37;1000
0.77;0.38;1000
0.77;0.39;1000
0.77;0.4;1000
0.77;0.41;1000
0.77;0.42;1000
0.77;0.43;1000
0.77;0.44;1000
0.77;0.45;1000
0.77;0.46;1000
0.77;0.47;1000
0.77;0.48;1000
0.77;0.49;1000
0.77;0.5;1000
0.77;0.51;1000
0.77;0.52;1000
0.77;0.53;1000
0.77;0.54;1000
0.77;0.55;1000
0.77;0.56;1000
0.77;0.57;1000
0.77;0.58;1000
0.77;0.59;1000
0.77;0.6;1000
0.77;0.61;1000
0.77;0.62;1000
0.77;0.63;1000
0.77;0.64;1000
0.77;0.65;1000
0.77;0.66;1000
0.77;0.67;1000
0.77;0.68;1000
0.77;0.69;1000
0.77;0.7;1000
0.77;0.71;1000
0.77;0.72;1000
0.77;0.73;1000
0.77;0.74;1000
0.77;0.75;1000
0.77;0.76;1000
0.77;0.77;1000
0.78;0.0;6
0.78;0.01;5
0.78;0.02;5
0.78;0.03;4
0.78;0.04;4
0.78;0.05;6
0.78;0.06;6
0.78;0.07;6
0.78;0.08;6
0.78;0.09;6
0.78;0.1;6
0.78;0.11;6
0.78;0.12;7
0.78;0.13;8
0.78;0.14;8
0.78;0.15;8
0.78;0.16;8
0.78;0.17;8
0.78;0.18;8
0.78;0.19;9
0.78;0.2;9
0.78;0.21;9
0.78;0.22;1000
0.78;0.23;1000
0.78;0.24;1000
0.78;0.25;1000
0.78;0.26;1000
0.78;0.27;1000
0.78;0.28;1000
0.78;0.29;1000
0.78;0.3;1000
0.78;0.31;1000
0.78;0.32;1000
0.78;0.33;1000
0.78;0.34;1000
0.78;0.35;1000
0.78;0.36;1000
0.78;0.37;1000
0.78;0.38;1000
0.78;0.39;1000
0.78;0.4;1000
0.78;0.41;1000
0.78;0.42;1000
0.78;0.43;1000
0.78;0.44;1000
0.78;0.45;1000
0.78;0.46;1000
0.78;0.47;1000
0.78;0.48;1000
0.78;0.49;1000
0.78;0.5;1000
0.78;0.51;1000
0.78;0.52;1000
0.78;0.53;1000
0.78;0.54;1000
0.78;0.55;1000
0.78;0.56;1000
0.78;0.57;1000
0.78;0.58;1000
0.78;0.59;1000
0.78;0.6;1000
0.78;0.61;1000
0.78;0.62;1000
0.78;0.63;1000
0.78;0.64;1000
0.78;0.65;1000
0.78;0.66;1000
0.78;0.67;1000
0.78;0.68;1000
0.78;0.69;1000
0.78;0.7;1000
0.78;0.71;1000
0.78;0.72;1000
0.78;0.73;1000
0.78;0.74;1000
0.78;0.75;1000
0.78;0.76;1000
0.78;0.77;1000
0.78;0.78;1000
0.79;0.0;5
0.79;0.01;5
0.79;0.02;5
0.79;0.03;4
0.79;0.04;6
0.79;0.05;6
0.79;0.06;6
0.79;0.07;6
0.79;0.08;6
0.79;0.09;6
0.79;0.1;6
0.79;0.11;6
0.79;0.12;7
0.79;0.13;7
0.79;0.14;8
0.79;0.15;8
0.79;0.16;8
0.79;0.17;8
0.79;0.18;8
0.79;0.19;9
0.79;0.2;9
0.79;0.21;1000
0.79;0.22;1000
0.79;0.23;1000
0.79;0.24;1000
0.79;0.25;1000
0.79;0.26;1000
0.79;0.27;1000
0.79;0.28;1000
0.79;0.29;1000
0.79;0.3;1000
0.79;0.31;1000
0.79;0.32;1000
0.79;0.33;1000
0.79;0.34;1000
0.79;0.35;1000
0.79;0.36;1000
0.79;0.37;1000
0.79;0.38;1000
0.79;0.39;1000
0.79;0.4;1000
0.79;0.41;1000
0.79;0.42;1000
0.79;0.43;1000
0.79;0.44;1000
0.79;0.45;1000
0.79;0.46;1000
0.79;0.47;1000
0.79;0.48;1000
0.79;0.49;1000
0.79;0.5;1000
0.79;0.51;1000
0.79;0.52;1000
0.79;0.53;1000
0.79;0.54;1000
0.79;0.55;1000
0.79;0.56;1000
0.79;0.57;1000
0.79;0.58;1000
0.79;0.59;1000
0.79;0.6;1000
0.79;0.61;1000
0.79;0.62;1000
0.79;0.63;1000
0.79;0.64;1000
0.79;0.65;1000
0.79;0.66;1000
0.79;0.67;1000
0.79;0.68;1000
0.79;0.69;1000
0.79;0.7;1000
0.79;0.71;1000
0.79;0.72;1000
0.79;0.73;1000
0.79;0.74;1000
0.79;0.75;1000
0.79;0.76;1000
0.79;0.77;1000
0.79;0.78;1000
0.79;0.79;1000
0.8;0.0;5
0.8;0.01;5
0.8;0.02;4
0.8;0.03;4
0.8;0.04;6
0.8;0.05;6
0.8;0.06;6
0.8;0.07;6
0.8;0.08;6
0.8;0.09;6
0.8;0.1;6
0.8;0.11;7
0.8;0.12;7
0.8;0.13;7
0.8;0.14;8
0.8;0.15;8
0.8;0.16;8
0.8;0.17;8
0.8;0.18;9
0.8;0.19;9
0.8;0.2;1000
0.8;0.21;1000
0.8;0.22;1000
0.8;0.23;1000
0.8;0.24;1000
0.8;0.25;1000
0.8;0.26;1000
0.8;0.27;1000
0.8;0.28;1000
0.8;0.29;1000
0.8;0.3;1000
0.8;0.31;1000
0.8;0.32;1000
0.8;0.33;1000
0.8;0.34;1000
0.8;0.35;1000
0.8;0.36;1000
0.8;0.37;1000
0.8;0.38;1000
0.8;0.39;1000
0.8;0.4;1000
0.8;0.41;1000
0.8;0.42;1000
0.8;0.43;1000
0.8;0.44;1000
0.8;0.45;1000
0.8;0.46;1000
0.8;0.47;1000
0.8;0.48;1000
0.8;0.49;1000
0.8;0.5;1000
0.8;0.51;1000
0.8;0.52;1000
0.8;0.53;1000
0.8;0.54;1000
0.8;0.55;1000
0.8;0.56;1000
0.8;0.57;1000
0.8;0.58;1000
0.8;0.59;1000
0.8;0.6;1000
0.8;0.61;1000
0.8;0.62;1000
0.8;0.63;1000
0.8;0.64;1000
0.8;0.65;1000
0.8;0.66;1000
0.8;0.67;1000
0.8;0.68;1000
0.8;0.69;1000
0.8;0.7;1000
0.8;0.71;1000
0.8;0.72;1000
0.8;0.73;1000
0.8;0.74;1000
0.8;0.75;1000
0.8;0.76;1000
0.8;0.77;1000
0.8;0.78;1000
0.8;0.79;1000
0.8;0.8;1000
0.81;0.0;5
0.81;0.01;5
0.81;0.02;4
0.81;0.03;4
0.81;0.04;6
0.81;0.05;6
0.81;0.06;6
0.81;0.07;6
0.81;0.08;6
0.81;0.09;6
0.81;0.1;6
0.81;0.11;7
0.81;0.12;7
0.81;0.13;7
0.81;0.14;7
0.81;0.15;8
0.81;0.16;8
0.81;0.17;8
0.81;0.18;9
0.81;0.19;1000
0.81;0.2;1000
0.81;0.21;1000
0.81;0.22;1000
0.81;0.23;1000
0.81;0.24;1000
0.81;0.25;1000
0.81;0.26;1000
0.81;0.27;1000
0.81;0.28;1000
0.81;0.29;1000
0.81;0.3;1000
0.81;0.31;1000
0.81;0.32;1000
0.81;0.33;1000
0.81;0.34;1000
0.81;0.35;1000
0.81;0.36;1000
0.81;0.37;1000
0.81;0.38;1000
0.81;0.39;1000
0.81;0.4;1000
0.81;0.41;1000
0.81;0.42;1000
0.81;0.43;1000
0.81;0.44;1000
0.81;0.45;1000
0.81;0.46;1000
0.81;0.47;1000
0.81;0.48;1000
0.81;0.49;1000
0.81;0.5;1000
0.81;0.51;1000
0.81;0.52;1000
0.81;0.53;1000
0.81;0.54;1000
0.81;0.55;1000
0.81;0.56;1000
0.81;0.57;1000
0.81;0.58;1000
0.81;0.59;1000
0.81;0.6;1000
0.81;0.61;1000
0.81;0.62;1000
0.81;0.63;1000
0.81;0.64;1000
0.81;0.65;1000
0.81;0.66;1000
0.81;0.67;1000
0.81;0.68;1000
0.81;0.69;1000
0.81;0.7;1000
0.81;0.71;1000
0.81;0.72;1000
0.81;0.73;1000
0.81;0.74;1000
0.81;0.75;1000
0.81;0.76;1000
0.81;0.77;1000
0.81;0.78;1000
0.81;0.79;1000
0.81;0.8;1000
0.81;0.81;1000
0.82;0.0;5
0.82;0.01;5
0.82;0.02;4
0.82;0.03;5
0.82;0.04;6
0.82;0.05;6
0.82;0.06;6
0.82;0.07;6
0.82;0.08;6
0.82;0.09;6
0.82;0.1;6
0.82;0.11;7
0.82;0.12;7
0.82;0.13;7
0.82;0.14;7
0.82;0.15;7
0.82;0.16;7
0.82;0.17;8
0.82;0.18;1000
0.82;0.19;1000
0.82;0.2;1000
0.82;0.21;1000
0.82;0.22;1000
0.82;0.23;1000
0.82;0.24;1000
0.82;0.25;1000
0.82;0.26;1000
0.82;0.27;1000
0.82;0.28;1000
0.82;0.29;1000
0.82;0.3;1000
0.82;0.31;1000
0.82;0.32;1000
0.82;0.33;1000
0.82;0.34;1000
0.82;0.35;1000
0.82;0.36;1000
0.82;0.37;1000
0.82;0.38;1000
0.82;0.39;1000
0.82;0.4;1000
0.82;0.41;1000
0.82;0.42;1000
0.82;0.43;1000
0.82;0.44;1000
0.82;0.45;1000
0.82;0.46;1000
0.82;0.47;1000
0.82;0.48;1000
0.82;0.49;1000
0.82;0.5;1000
0.82;0.51;1000
0.82;0.52;1000
0.82;0.53;1000
0.82;0.54;1000
0.82;0.55;1000
0.82;0.56;1000
0.82;0.57;1000
0.82;0.58;1000
0.82;0.59;1000
0.82;0.6;1000
0.82;0.61;1000
0.82;0.62;1000
0.82;0.63;1000
0.82;0.64;1000
0.82;0.65;1000
0.82;0.66;1000
0.82;0.67;1000
0.82;0.68;1000
0.82;0.69;1000
0.82;0.7;1000
0.82;0.71;1000
0.82;0.72;1000
0.82;0.73;1000
0.82;0.74;1000
0.82;0.75;1000
0.82;0.76;1000
0.82;0.77;1000
0.82;0.78;1000
0.82;0.79;1000
0.82;0.8;1000
0.82;0.81;1000
0.82;0.82;1000
0.83;0.0;5
0.83;0.01;4
0.83;0.02;4
0.83;0.03;5
0.83;0.04;5
0.83;0.05;6
0.83;0.06;6
0.83;0.07;6
0.83;0.08;6
0.83;0.09;6
0.83;0.1;6
0.83;0.11;7
0.83;0.12;7
0.83;0.13;7
0.83;0.14;7
0.83;0.15;7
0.83;0.16;7
0.83;0.17;1000
0.83;0.18;1000
0.83;0.19;1000
0.83;0.2;1000
0.83;0.21;1000
0.83;0.22;1000
0.83;0.23;1000
0.83;0.24;1000
0.83;0.25;1000
0.83;0.26;1000
0.83;0.27;1000
0.83;0.28;1000
0.83;0.29;1000
0.83;0.3;1000
0.83;0.31;1000
0.83;0.32;1000
0.83;0.33;1000
0.83;0.34;1000
0.83;0.35;1000
0.83;0.36;1000
0.83;0.37;1000
0.83;0.38;1000
0.83;0.39;1000
0.83;0.4;1000
0.83;0.41;1000
0.83;0.42;1000
0.83;0.43;1000
0.83;0.44;1000
0.83;0.45;1000
0.83;0.46;1000
0.83;0.47;1000
0.83;0.48;1000
0.83;0.49;1000
0.83;0.5;1000
0.83;0.51;1000
0.83;0.52;1000
0.83;0.53;1000
0.83;0.54;1000
0.83;0.55;1000
0.83;0.56;1000
0.83;0.57;1000
0.83;0.58;1000
0.83;0.59;1000
0.83;0.6;1000
0.83;0.61;1000
0.83;0.62;1000
0.83;0.63;1000
0.83;0.64;1000
0.83;0.65;1000
0.83;0.66;1000
0.83;0.67;1000
0.83;0.68;1000
0.83;0.69;1000
0.83;0.7;1000
0.83;0.71;1000
0.83;0.72;1000
0.83;0.73;1000
0.83;0.74;1000
0.83;0.75;1000
0.83;0.76;1000
0.83;0.77;1000
0.83;0.78;1000
0.83;0.79;1000
0.83;0.8;1000
0.83;0.81;1000
0.83;0.82;1000
0.83;0.83;1000
0.84;0.0;5
0.84;0.01;4
0.84;0.02;4
0.84;0.03;5
0.84;0.04;5
0.84;0.05;6
0.84;0.06;6
0.84;0.07;6
0.84;0.08;6
0.84;0.09;6
0.84;0.1;7
0.84;0.11;7
0.84;0.12;7
0.84;0.13;7
0.84;0.14;7
0.84;0.15;7
0.84;0.16;1000
0.84;0.17;1000
0.84;0.18;1000
0.84;0.19;1000
0.84;0.2;1000
0.84;0.21;1000
0.84;0.22;1000
0.84;0.23;1000
0.84;0.24;1000
0.84;0.25;1000
0.84;0.26;1000
0.84;0.27;1000
0.84;0.28;1000
0.84;0.29;1000
0.84;0.3;1000
0.84;0.31;1000
0.84;0.32;1000
0.84;0.33;1000
0.84;0.34;1000
0.84;0.35;1000
0.84;0.36;1000
0.84;0.37;1000
0.84;0.38;1000
0.84;0.39;1000
0.84;0.4;1000
0.84;0.41;1000
0.84;0.42;1000
0.84;0.43;1000
0.84;0.44;1000
0.84;0.45;1000
0.84;0.46;1000
0.84;0.47;1000
0.84;0.48;1000
0.84;0.49;1000
0.84;0.5;1000
0.84;0.51;1000
0.84;0.52;1000
0.84;0.53;1000
0.84;0.54;1000
0.84;0.55;1000
0.84;0.56;1000
0.84;0.57;1000
0.84;0.58;1000
0.84;0.59;1000
0.84;0.6;1000
0.84;0.61;1000
0.84;0.62;1000
0.84;0.63;1000
0.84;0.64;1000
0.84;0.65;1000
0.84;0.66;1000
0.84;0.67;1000
0.84;0.68;1000
0.84;0.69;1000
0.84;0.7;1000
0.84;0.71;1000
0.84;0.72;1000
0.84;0.73;1000
0.84;0.74;1000
0.84;0.75;1000
0.84;0.76;1000
0.84;0.77;1000
0.84;0.78;1000
0.84;0.79;1000
0.84;0.8;1000
0.84;0.81;1000
0.84;0.82;1000
0.84;0.83;1000
0.84;0.84;1000
0.85;0.0;5
0.85;0.01;4
0.85;0.02;4
0.85;0.03;5
0.85;0.04;5
0.85;0.05;6
0.85;0.06;6
0.85;0.07;6
0.85;0.08;6
0.85;0.09;6
0.85;0.1;7
0.85;0.11;7
0.85;0.12;7
0.85;0.13;7
0.85;0.14;7
0.85;0.15;1000
0.85;0.16;1000
0.85;0.17;1000
0.85;0.18;1000
0.85;0.19;1000
0.85;0.2;1000
0.85;0.21;1000
0.85;0.22;1000
0.85;0.23;1000
0.85;0.24;1000
0.85;0.25;1000
0.85;0.26;1000
0.85;0.27;1000
0.85;0.28;1000
0.85;0.29;1000
0.85;0.3;1000
0.85;0.31;1000
0.85;0.32;1000
0.85;0.33;1000
0.85;0.34;1000
0.85;0.35;1000
0.85;0.36;1000
0.85;0.37;1000
0.85;0.38;1000
0.85;0.39;1000
0.85;0.4;1000
0.85;0.41;1000
0.85;0.42;1000
0.85;0.43;1000
0.85;0.44;1000
0.85;0.45;1000
0.85;0.46;1000
0.85;0.47;1000
0.85;0.48;1000
0.85;0.49;1000
0.85;0.5;1000
0.85;0.51;1000
0.85;0.52;1000
0.85;0.53;1000
0.85;0.54;1000
0.85;0.55;1000
0.85;0.56;1000
0.85;0.57;1000
0.85;0.58;1000
0.85;0.59;1000
0.85;0.6;1000
0.85;0.61;1000
0.85;0.62;1000
0.85;0.63;1000
0.85;0.64;1000
0.85;0.65;1000
0.85;0.66;1000
0.85;0.67;1000
0.85;0.68;1000
0.85;0.69;1000
0.85;0.7;1000
0.85;0.71;1000
0.85;0.72;1000
0.85;0.73;1000
0.85;0.74;1000
0.85;0.75;1000
0.85;0.76;1000
0.85;0.77;1000
0.85;0.78;1000
0.85;0.79;1000
0.85;0.8;1000
0.85;0.81;1000
0.85;0.82;1000
0.85;0.83;1000
0.85;0.84;1000
0.85;0.85;1000
0.86;0.0;5
0.86;0.01;4
0.86;0.02;4
0.86;0.03;5
0.86;0.04;5
0.86;0.05;6
0.86;0.06;6
0.86;0.07;6
0.86;0.08;6
0.86;0.09;6
0.86;0.1;7
0.86;0.11;7
0.86;0.12;7
0.86;0.13;7
0.86;0.14;1000
0.86;0.15;1000
0.86;0.16;1000
0.86;0.17;1000
0.86;0.18;1000
0.86;0.19;1000
0.86;0.2;1000
0.86;0.21;1000
0.86;0.22;1000
0.86;0.23;1000
0.86;0.24;1000
0.86;0.25;1000
0.86;0.26;1000
0.86;0.27;1000
0.86;0.28;1000
0.86;0.29;1000
0.86;0.3;1000
0.86;0.31;1000
0.86;0.32;1000
0.86;0.33;1000
0.86;0.34;1000
0.86;0.35;1000
0.86;0.36;1000
0.86;0.37;1000
0.86;0.38;1000
0.86;0.39;1000
0.86;0.4;1000
0.86;0.41;1000
0.86;0.42;1000
0.86;0.43;1000
0.86;0.44;1000
0.86;0.45;1000
0.86;0.46;1000
0.86;0.47;1000
0.86;0.48;1000
0.86;0.49;1000
0.86;0.5;1000
0.86;0.51;1000
0.86;0.52;1000
0.86;0.53;1000
0.86;0.54;1000
0.86;0.55;1000
0.86;0.56;1000
0.86;0.57;1000
0.86;0.58;1000
0.86;0.59;1000
0.86;0.6;1000
0.86;0.61;1000
0.86;0.62;1000
0.86;0.63;1000
0.86;0.64;1000
0.86;0.65;1000
0.86;0.66;1000
0.86;0.67;1000
0.86;0.68;1000
0.86;0.69;1000
0.86;0.7;1000
0.86;0.71;1000
0.86;0.72;1000
0.86;0.73;1000
0.86;0.74;1000
0.86;0.75;1000
0.86;0.76;1000
0.86;0.77;1000
0.86;0.78;1000
0.86;0.79;1000
0.86;0.8;1000
0.86;0.81;1000
0.86;0.82;1000
0.86;0.83;1000
0.86;0.84;1000
0.86;0.85;1000
0.86;0.86;1000
0.87;0.0;5
0.87;0.01;4
0.87;0.02;5
0.87;0.03;5
0.87;0.04;5
0.87;0.05;6
0.87;0.06;6
0.87;0.07;6
0.87;0.08;6
0.87;0.09;6
0.87;0.1;7
0.87;0.11;7
0.87;0.12;7
0.87;0.13;1000
0.87;0.14;1000
0.87;0.15;1000
0.87;0.16;1000
0.87;0.17;1000
0.87;0.18;1000
0.87;0.19;1000
0.87;0.2;1000
0.87;0.21;1000
0.87;0.22;1000
0.87;0.23;1000
0.87;0.24;1000
0.87;0.25;1000
0.87;0.26;1000
0.87;0.27;1000
0.87;0.28;1000
0.87;0.29;1000
0.87;0.3;1000
0.87;0.31;1000
0.87;0.32;1000
0.87;0.33;1000
0.87;0.34;1000
0.87;0.35;1000
0.87;0.36;1000
0.87;0.37;1000
0.87;0.38;1000
0.87;0.39;1000
0.87;0.4;1000
0.87;0.41;1000
0.87;0.42;1000
0.87;0.43;1000
0.87;0.44;1000
0.87;0.45;1000
0.87;0.46;1000
0.87;0.47;1000
0.87;0.48;1000
0.87;0.49;1000
0.87;0.5;1000
0.87;0.51;1000
0.87;0.52;1000
0.87;0.53;1000
0.87;0.54;1000
0.87;0.55;1000
0.87;0.56;1000
0.87;0.57;1000
0.87;0.58;1000
0.87;0.59;1000
0.87;0.6;1000
0.87;0.61;1000
0.87;0.62;1000
0.87;0.63;1000
0.87;0.64;1000
0.87;0.65;1000
0.87;0.66;1000
0.87;0.67;1000
0.87;0.68;1000
0.87;0.69;1000
0.87;0.7;1000
0.87;0.71;1000
0.87;0.72;1000
0.87;0.73;1000
0.87;0.74;1000
0.87;0.75;1000
0.87;0.76;1000
0.87;0.77;1000
0.87;0.78;1000
0.87;0.79;1000
0.87;0.8;1000
0.87;0.81;1000
0.87;0.82;1000
0.87;0.83;1000
0.87;0.84;1000
0.87;0.85;1000
0.87;0.86;1000
0.87;0.87;1000
0.88;0.0;4
0.88;0.01;4
0.88;0.02;5
0.88;0.03;5
0.88;0.04;5
0.88;0.05;5
0.88;0.06;6
0.88;0.07;6
0.88;0.08;6
0.88;0.09;6
0.88;0.1;7
0.88;0.11;7
0.88;0.12;1000
0.88;0.13;1000
0.88;0.14;1000
0.88;0.15;1000
0.88;0.16;1000
0.88;0.17;1000
0.88;0.18;1000
0.88;0.19;1000
0.88;0.2;1000
0.88;0.21;1000
0.88;0.22;1000
0.88;0.23;1000
0.88;0.24;1000
0.88;0.25;1000
0.88;0.26;1000
0.88;0.27;1000
0.88;0.28;1000
0.88;0.29;1000
0.88;0.3;1000
0.88;0.31;1000
0.88;0.32;1000
0.88;0.33;1000
0.88;0.34;1000
0.88;0.35;1000
0.88;0.36;1000
0.88;0.37;1000
0.88;0.38;1000
0.88;0.39;1000
0.88;0.4;1000
0.88;0.41;1000
0.88;0.42;1000
0.88;0.43;1000
0.88;0.44;1000
0.88;0.45;1000
0.88;0.46;1000
0.88;0.47;1000
0.88;0.48;1000
0.88;0.49;1000
0.88;0.5;1000
0.88;0.51;1000
0.88;0.52;1000
0.88;0.53;1000
0.88;0.54;1000
0.88;0.55;1000
0.88;0.56;1000
0.88;0.57;1000
0.88;0.58;1000
0.88;0.59;1000
0.88;0.6;1000
0.88;0.61;1000
0.88;0.62;1000
0.88;0.63;1000
0.88;0.64;1000
0.88;0.65;1000
0.88;0.66;1000
0.88;0.67;1000
0.88;0.68;1000
0.88;0.69;1000
0.88;0.7;1000
0.88;0.71;1000
0.88;0.72;1000
0.88;0.73;1000
0.88;0.74;1000
0.88;0.75;1000
0.88;0.76;1000
0.88;0.77;1000
0.88;0.78;1000
0.88;0.79;1000
0.88;0.8;1000
0.88;0.81;1000
0.88;0.82;1000
0.88;0.83;1000
0.88;0.84;1000
0.88;0.85;1000
0.88;0.86;1000
0.88;0.87;1000
0.88;0.88;1000
0.89;0.0;4
0.89;0.01;4
0.89;0.02;5
0.89;0.03;5
0.89;0.04;5
0.89;0.05;5
0.89;0.06;5
0.89;0.07;6
0.89;0.08;6
0.89;0.09;6
0.89;0.1;7
0.89;0.11;1000
0.89;0.12;1000
0.89;0.13;1000
0.89;0.14;1000
0.89;0.15;1000
0.89;0.16;1000
0.89;0.17;1000
0.89;0.18;1000
0.89;0.19;1000
0.89;0.2;1000
0.89;0.21;1000
0.89;0.22;1000
0.89;0.23;1000
0.89;0.24;1000
0.89;0.25;1000
0.89;0.26;1000
0.89;0.27;1000
0.89;0.28;1000
0.89;0.29;1000
0.89;0.3;1000
0.89;0.31;1000
0.89;0.32;1000
0.89;0.33;1000
0.89;0.34;1000
0.89;0.35;1000
0.89;0.36;1000
0.89;0.37;1000
0.89;0.38;1000
0.89;0.39;1000
0.89;0.4;1000
0.89;0.41;1000
0.89;0.42;1000
0.89;0.43;1000
0.89;0.44;1000
0.89;0.45;1000
0.89;0.46;1000
0.89;0.47;1000
0.89;0.48;1000
0.89;0.49;1000
0.89;0.5;1000
0.89;0.51;1000
0.89;0.52;1000
0.89;0.53;1000
0.89;0.54;1000
0.89;0.55;1000
0.89;0.56;1000
0.89;0.57;1000
0.89;0.58;1000
0.89;0.59;1000
0.89;0.6;1000
0.89;0.61;1000
0.89;0.62;1000
0.89;0.63;1000
0.89;0.64;1000
0.89;0.65;1000
0.89;0.66;1000
0.89;0.67;1000
0.89;0.68;1000
0.89;0.69;1000
0.89;0.7;1000
0.89;0.71;1000
0.89;0.72;1000
0.89;0.73;1000
0.89;0.74;1000
0.89;0.75;1000
0.89;0.76;1000
0.89;0.77;1000
0.89;0.78;1000
0.89;0.79;1000
0.89;0.8;1000
0.89;0.81;1000
0.89;0.82;1000
0.89;0.83;1000
0.89;0.84;1000
0.89;0.85;1000
0.89;0.86;1000
0.89;0.87;1000
0.89;0.88;1000
0.89;0.89;1000
0.9;0.0;4
0.9;0.01;4
0.9;0.02;5
0.9;0.03;5
0.9;0.04;5
0.9;0.05;5
0.9;0.06;5
0.9;0.07;5
0.9;0.08;6
0.9;0.09;6
0.9;0.1;1000
0.9;0.11;1000
0.9;0.12;1000
0.9;0.13;1000
0.9;0.14;1000
0.9;0.15;1000
0.9;0.16;1000
0.9;0.17;1000
0.9;0.18;1000
0.9;0.19;1000
0.9;0.2;1000
0.9;0.21;1000
0.9;0.22;1000
0.9;0.23;1000
0.9;0.24;1000
0.9;0.25;1000
0.9;0.26;1000
0.9;0.27;1000
0.9;0.28;1000
0.9;0.29;1000
0.9;0.3;1000
0.9;0.31;1000
0.9;0.32;1000
0.9;0.33;1000
0.9;0.34;1000
0.9;0.35;1000
0.9;0.36;1000
0.9;0.37;1000
0.9;0.38;1000
0.9;0.39;1000
0.9;0.4;1000
0.9;0.41;1000
0.9;0.42;1000
0.9;0.43;1000
0.9;0.44;1000
0.9;0.45;1000
0.9;0.46;1000
0.9;0.47;1000
0.9;0.48;1000
0.9;0.49;1000
0.9;0.5;1000
0.9;0.51;1000
0.9;0.52;1000
0.9;0.53;1000
0.9;0.54;1000
0.9;0.55;1000
0.9;0.56;1000
0.9;0.57;1000
0.9;0.58;1000
0.9;0.59;1000
0.9;0.6;1000
0.9;0.61;1000
0.9;0.62;1000
0.9;0.63;1000
0.9;0.64;1000
0.9;0.65;1000
0.9;0.66;1000
0.9;0.67;1000
0.9;0.68;1000
0.9;0.69;1000
0.9;0.7;1000
0.9;0.71;1000
0.9;0.72;1000
0.9;0.73;1000
0.9;0.74;1000
0.9;0.75;1000
0.9;0.76;1000
0.9;0.77;1000
0.9;0.78;1000
0.9;0.79;1000
0.9;0.8;1000
0.9;0.81;1000
0.9;0.82;1000
0.9;0.83;1000
0.9;0.84;1000
0.9;0.85;1000
0.9;0.86;1000
0.9;0.87;1000
0.9;0.88;1000
0.9;0.89;1000
0.9;0.9;1000
0.91;0.0;4
0.91;0.01;4
0.91;0.02;5
0.91;0.03;5
0.91;0.04;5
0.91;0.05;5
0.91;0.06;5
0.91;0.07;5
0.91;0.08;5
0.91;0.09;1000
0.91;0.1;1000
0.91;0.11;1000
0.91;0.12;1000
0.91;0.13;1000
0.91;0.14;1000
0.91;0.15;1000
0.91;0.16;1000
0.91;0.17;1000
0.91;0.18;1000
0.91;0.19;1000
0.91;0.2;1000
0.91;0.21;1000
0.91;0.22;1000
0.91;0.23;1000
0.91;0.24;1000
0.91;0.25;1000
0.91;0.26;1000
0.91;0.27;1000
0.91;0.28;1000
0.91;0.29;1000
0.91;0.3;1000
0.91;0.31;1000
0.91;0.32;1000
0.91;0.33;1000
0.91;0.34;1000
0.91;0.35;1000
0.91;0.36;1000
0.91;0.37;1000
0.91;0.38;1000
0.91;0.39;1000
0.91;0.4;1000
0.91;0.41;1000
0.91;0.42;1000
0.91;0.43;1000
0.91;0.44;1000
0.91;0.45;1000
0.91;0.46;1000
0.91;0.47;1000
0.91;0.48;1000
0.91;0.49;1000
0.91;0.5;1000
0.91;0.51;1000
0.91;0.52;1000
0.91;0.53;1000
0.91;0.54;1000
0.91;0.55;1000
0.91;0.56;1000
0.91;0.57;1000
0.91;0.58;1000
0.91;0.59;1000
0.91;0.6;1000
0.91;0.61;1000
0.91;0.62;1000
0.91;0.63;1000
0.91;0.64;1000
0.91;0.65;1000
0.91;0.66;1000
0.91;0.67;1000
0.91;0.68;1000
0.91;0.69;1000
0.91;0.7;1000
0.91;0.71;1000
0.91;0.72;1000
0.91;0.73;1000
0.91;0.74;1000
0.91;0.75;1000
0.91;0.76;1000
0.91;0.77;1000
0.91;0.78;1000
0.91;0.79;1000
0.91;0.8;1000
0.91;0.81;1000
0.91;0.82;1000
0.91;0.83;1000
0.91;0.84;1000
0.91;0.85;1000
0.91;0.86;1000
0.91;0.87;1000
0.91;0.88;1000
0.91;0.89;1000
0.91;0.9;1000
0.91;0.91;1000
0.92;0.0;4
0.92;0.01;4
0.92;0.02;5
0.92;0.03;5
0.92;0.04;5
0.92;0.05;5
0.92;0.06;5
0.92;0.07;5
0.92;0.08;1000
0.92;0.09;1000
0.92;0.1;1000
0.92;0.11;1000
0.92;0.12;1000
0.92;0.13;1000
0.92;0.14;1000
0.92;0.15;1000
0.92;0.16;1000
0.92;0.17;1000
0.92;0.18;1000
0.92;0.19;1000
0.92;0.2;1000
0.92;0.21;1000
0.92;0.22;1000
0.92;0.23;1000
0.92;0.24;1000
0.92;0.25;1000
0.92;0.26;1000
0.92;0.27;1000
0.92;0.28;1000
0.92;0.29;1000
0.92;0.3;1000
0.92;0.31;1000
0.92;0.32;1000
0.92;0.33;1000
0.92;0.34;1000
0.92;0.35;1000
0.92;0.36;1000
0.92;0.37;1000
0.92;0.38;1000
0.92;0.39;1000
0.92;0.4;1000
0.92;0.41;1000
0.92;0.42;1000
0.92;0.43;1000
0.92;0.44;1000
0.92;0.45;1000
0.92;0.46;1000
0.92;0.47;1000
0.92;0.48;1000
0.92;0.49;1000
0.92;0.5;1000
0.92;0.51;1000
0.92;0.52;1000
0.92;0.53;1000
0.92;0.54;1000
0.92;0.55;1000
0.92;0.56;1000
0.92;0.57;1000
0.92;0.58;1000
0.92;0.59;1000
0.92;0.6;1000
0.92;0.61;1000
0.92;0.62;1000
0.92;0.63;1000
0.92;0.64;1000
0.92;0.65;1000
0.92;0.66;1000
0.92;0.67;1000
0.92;0.68;1000
0.92;0.69;1000
0.92;0.7;1000
0.92;0.71;1000
0.92;0.72;1000
0.92;0.73;1000
0.92;0.74;1000
0.92;0.75;1000
0.92;0.76;1000
0.92;0.77;1000
0.92;0.78;1000
0.92;0.79;1000
0.92;0.8;1000
0.92;0.81;1000
0.92;0.82;1000
0.92;0.83;1000
0.92;0.84;1000
0.92;0.85;1000
0.92;0.86;1000
0.92;0.87;1000
0.92;0.88;1000
0.92;0.89;1000
0.92;0.9;1000
0.92;0.91;1000
0.92;0.92;1000
0.93;0.0;4
0.93;0.01;4
0.93;0.02;5
0.93;0.03;5
0.93;0.04;5
0.93;0.05;5
0.93;0.06;5
0.93;0.07;1000
0.93;0.08;1000
0.93;0.09;1000
0.93;0.1;1000
0.93;0.11;1000
0.93;0.12;1000
0.93;0.13;1000
0.93;0.14;1000
0.93;0.15;1000
0.93;0.16;1000
0.93;0.17;1000
0.93;0.18;1000
0.93;0.19;1000
0.93;0.2;1000
0.93;0.21;1000
0.93;0.22;1000
0.93;0.23;1000
0.93;0.24;1000
0.93;0.25;1000
0.93;0.26;1000
0.93;0.27;1000
0.93;0.28;1000
0.93;0.29;1000
0.93;0.3;1000
0.93;0.31;1000
0.93;0.32;1000
0.93;0.33;1000
0.93;0.34;1000
0.93;0.35;1000
0.93;0.36;1000
0.93;0.37;1000
0.93;0.38;1000
0.93;0.39;1000
0.93;0.4;1000
0.93;0.41;1000
0.93;0.42;1000
0.93;0.43;1000
0.93;0.44;1000
0.93;0.45;1000
0.93;0.46;1000
0.93;0.47;1000
0.93;0.48;1000
0.93;0.49;1000
0.93;0.5;1000
0.93;0.51;1000
0.93;0.52;1000
0.93;0.53;1000
0.93;0.54;1000
0.93;0.55;1000
0.93;0.56;1000
0.93;0.57;1000
0.93;0.58;1000
0.93;0.59;1000
0.93;0.6;1000
0.93;0.61;1000
0.93;0.62;1000
0.93;0.63;1000
0.93;0.64;1000
0.93;0.65;1000
0.93;0.66;1000
0.93;0.67;1000
0.93;0.68;1000
0.93;0.69;1000
0.93;0.7;1000
0.93;0.71;1000
0.93;0.72;1000
0.93;0.73;1000
0.93;0.74;1000
0.93;0.75;1000
0.93;0.76;1000
0.93;0.77;1000
0.93;0.78;1000
0.93;0.79;1000
0.93;0.8;1000
0.93;0.81;1000
0.93;0.82;1000
0.93;0.83;1000
0.93;0.84;1000
0.93;0.85;1000
0.93;0.86;1000
0.93;0.87;1000
0.93;0.88;1000
0.93;0.89;1000
0.93;0.9;1000
0.93;0.91;1000
0.93;0.92;1000
0.93;0.93;1000
0.94;0.0;4
0.94;0.01;4
0.94;0.02;5
0.94;0.03;5
0.94;0.04;5
0.94;0.05;5
0.94;0.06;1000
0.94;0.07;1000
0.94;0.08;1000
0.94;0.09;1000
0.94;0.1;1000
0.94;0.11;1000
0.94;0.12;1000
0.94;0.13;1000
0.94;0.14;1000
0.94;0.15;1000
0.94;0.16;1000
0.94;0.17;1000
0.94;0.18;1000
0.94;0.19;1000
0.94;0.2;1000
0.94;0.21;1000
0.94;0.22;1000
0.94;0.23;1000
0.94;0.24;1000
0.94;0.25;1000
0.94;0.26;1000
0.94;0.27;1000
0.94;0.28;1000
0.94;0.29;1000
0.94;0.3;1000
0.94;0.31;1000
0.94;0.32;1000
0.94;0.33;1000
0.94;0.34;1000
0.94;0.35;1000
0.94;0.36;1000
0.94;0.37;1000
0.94;0.38;1000
0.94;0.39;1000
0.94;0.4;1000
0.94;0.41;1000
0.94;0.42;1000
0.94;0.43;1000
0.94;0.44;1000
0.94;0.45;1000
0.94;0.46;1000
0.94;0.47;1000
0.94;0.48;1000
0.94;0.49;1000
0.94;0.5;1000
0.94;0.51;1000
0.94;0.52;1000
0.94;0.53;1000
0.94;0.54;1000
0.94;0.55;1000
0.94;0.56;1000
0.94;0.57;1000
0.94;0.58;1000
0.94;0.59;1000
0.94;0.6;1000
0.94;0.61;1000
0.94;0.62;1000
0.94;0.63;1000
0.94;0.64;1000
0.94;0.65;1000
0.94;0.66;1000
0.94;0.67;1000
0.94;0.68;1000
0.94;0.69;1000
0.94;0.7;1000
0.94;0.71;1000
0.94;0.72;1000
0.94;0.73;1000
0.94;0.74;1000
0.94;0.75;1000
0.94;0.76;1000
0.94;0.77;1000
0.94;0.78;1000
0.94;0.79;1000
0.94;0.8;1000
0.94;0.81;1000
0.94;0.82;1000
0.94;0.83;1000
0.94;0.84;1000
0.94;0.85;1000
0.94;0.86;1000
0.94;0.87;1000
0.94;0.88;1000
0.94;0.89;1000
0.94;0.9;1000
0.94;0.91;1000
0.94;0.92;1000
0.94;0.93;1000
0.94;0.94;1000
0.95;0.0;4
0.95;0.01;4
0.95;0.02;5
0.95;0.03;5
0.95;0.04;5
0.95;0.05;1000
0.95;0.06;1000
0.95;0.07;1000
0.95;0.08;1000
0.95;0.09;1000
0.95;0.1;1000
0.95;0.11;1000
0.95;0.12;1000
0.95;0.13;1000
0.95;0.14;1000
0.95;0.15;1000
0.95;0.16;1000
0.95;0.17;1000
0.95;0.18;1000
0.95;0.19;1000
0.95;0.2;1000
0.95;0.21;1000
0.95;0.22;1000
0.95;0.23;1000
0.95;0.24;1000
0.95;0.25;1000
0.95;0.26;1000
0.95;0.27;1000
0.95;0.28;1000
0.95;0.29;1000
0.95;0.3;1000
0.95;0.31;1000
0.95;0.32;1000
0.95;0.33;1000
0.95;0.34;1000
0.95;0.35;1000
0.95;0.36;1000
0.95;0.37;1000
0.95;0.38;1000
0.95;0.39;1000
0.95;0.4;1000
0.95;0.41;1000
0.95;0.42;1000
0.95;0.43;1000
0.95;0.44;1000
0.95;0.45;1000
0.95;0.46;1000
0.95;0.47;1000
0.95;0.48;1000
0.95;0.49;1000
0.95;0.5;1000
0.95;0.51;1000
0.95;0.52;1000
0.95;0.53;1000
0.95;0.54;1000
0.95;0.55;1000
0.95;0.56;1000
0.95;0.57;1000
0.95;0.58;1000
0.95;0.59;1000
0.95;0.6;1000
0.95;0.61;1000
0.95;0.62;1000
0.95;0.63;1000
0.95;0.64;1000
0.95;0.65;1000
0.95;0.66;1000
0.95;0.67;1000
0.95;0.68;1000
0.95;0.69;1000
0.95;0.7;1000
0.95;0.71;1000
0.95;0.72;1000
0.95;0.73;1000
0.95;0.74;1000
0.95;0.75;1000
0.95;0.76;1000
0.95;0.77;1000
0.95;0.78;1000
0.95;0.79;1000
0.95;0.8;1000
0.95;0.81;1000
0.95;0.82;1000
0.95;0.83;1000
0.95;0.84;1000
0.95;0.85;1000
0.95;0.86;1000
0.95;0.87;1000
0.95;0.88;1000
0.95;0.89;1000
0.95;0.9;1000
0.95;0.91;1000
0.95;0.92;1000
0.95;0.93;1000
0.95;0.94;1000
0.95;0.95;1000
0.96;0.0;4
0.96;0.01;4
0.96;0.02;5
0.96;0.03;5
0.96;0.04;1000
0.96;0.05;1000
0.96;0.06;1000
0.96;0.07;1000
0.96;0.08;1000
0.96;0.09;1000
0.96;0.1;1000
0.96;0.11;1000
0.96;0.12;1000
0.96;0.13;1000
0.96;0.14;1000
0.96;0.15;1000
0.96;0.16;1000
0.96;0.17;1000
0.96;0.18;1000
0.96;0.19;1000
0.96;0.2;1000
0.96;0.21;1000
0.96;0.22;1000
0.96;0.23;1000
0.96;0.24;1000
0.96;0.25;1000
0.96;0.26;1000
0.96;0.27;1000
0.96;0.28;1000
0.96;0.29;1000
0.96;0.3;1000
0.96;0.31;1000
0.96;0.32;1000
0.96;0.33;1000
0.96;0.34;1000
0.96;0.35;1000
0.96;0.36;1000
0.96;0.37;1000
0.96;0.38;1000
0.96;0.39;1000
0.96;0.4;1000
0.96;0.41;1000
0.96;0.42;1000
0.96;0.43;1000
0.96;0.44;1000
0.96;0.45;1000
0.96;0.46;1000
0.96;0.47;1000
0.96;0.48;1000
0.96;0.49;1000
0.96;0.5;1000
0.96;0.51;1000
0.96;0.52;1000
0.96;0.53;1000
0.96;0.54;1000
0.96;0.55;1000
0.96;0.56;1000
0.96;0.57;1000
0.96;0.58;1000
0.96;0.59;1000
0.96;0.6;1000
0.96;0.61;1000
0.96;0.62;1000
0.96;0.63;1000
0.96;0.64;1000
0.96;0.65;1000
0.96;0.66;1000
0.96;0.67;1000
0.96;0.68;1000
0.96;0.69;1000
0.96;0.7;1000
0.96;0.71;1000
0.96;0.72;1000
0.96;0.73;1000
0.96;0.74;1000
0.96;0.75;1000
0.96;0.76;1000
0.96;0.77;1000
0.96;0.78;1000
0.96;0.79;1000
0.96;0.8;1000
0.96;0.81;1000
0.96;0.82;1000
0.96;0.83;1000
0.96;0.84;1000
0.96;0.85;1000
0.96;0.86;1000
0.96;0.87;1000
0.96;0.88;1000
0.96;0.89;1000
0.96;0.9;1000
0.96;0.91;1000
0.96;0.92;1000
0.96;0.93;1000
0.96;0.94;1000
0.96;0.95;1000
0.96;0.96;1000
0.97;0.0;4
0.97;0.01;4
0.97;0.02;5
0.97;0.03;1000
0.97;0.04;1000
0.97;0.05;1000
0.97;0.06;1000
0.97;0.07;1000
0.97;0.08;1000
0.97;0.09;1000
0.97;0.1;1000
0.97;0.11;1000
0.97;0.12;1000
0.97;0.13;1000
0.97;0.14;1000
0.97;0.15;1000
0.97;0.16;1000
0.97;0.17;1000
0.97;0.18;1000
0.97;0.19;1000
0.97;0.2;1000
0.97;0.21;1000
0.97;0.22;1000
0.97;0.23;1000
0.97;0.24;1000
0.97;0.25;1000
0.97;0.26;1000
0.97;0.27;1000
0.97;0.28;1000
0.97;0.29;1000
0.97;0.3;1000
0.97;0.31;1000
0.97;0.32;1000
0.97;0.33;1000
0.97;0.34;1000
0.97;0.35;1000
0.97;0.36;1000
0.97;0.37;1000
0.97;0.38;1000
0.97;0.39;1000
0.97;0.4;1000
0.97;0.41;1000
0.97;0.42;1000
0.97;0.43;1000
0.97;0.44;1000
0.97;0.45;1000
0.97;0.46;1000
0.97;0.47;1000
0.97;0.48;1000
0.97;0.49;1000
0.97;0.5;1000
0.97;0.51;1000
0.97;0.52;1000
0.97;0.53;1000
0.97;0.54;1000
0.97;0.55;1000
0.97;0.56;1000
0.97;0.57;1000
0.97;0.58;1000
0.97;0.59;1000
0.97;0.6;1000
0.97;0.61;1000
0.97;0.62;1000
0.97;0.63;1000
0.97;0.64;1000
0.97;0.65;1000
0.97;0.66;1000
0.97;0.67;1000
0.97;0.68;1000
0.97;0.69;1000
0.97;0.7;1000
0.97;0.71;1000
0.97;0.72;1000
0.97;0.73;1000
0.97;0.74;1000
0.97;0.75;1000
0.97;0.76;1000
0.97;0.77;1000
0.97;0.78;1000
0.97;0.79;1000
0.97;0.8;1000
0.97;0.81;1000
0.97;0.82;1000
0.97;0.83;1000
0.97;0.84;1000
0.97;0.85;1000
0.97;0.86;1000
0.97;0.87;1000
0.97;0.88;1000
0.97;0.89;1000
0.97;0.9;1000
0.97;0.91;1000
0.97;0.92;1000
0.97;0.93;1000
0.97;0.94;1000
0.97;0.95;1000
0.97;0.96;1000
0.97;0.97;1000
0.98;0.0;4
0.98;0.01;4
0.98;0.02;1000
0.98;0.03;1000
0.98;0.04;1000
0.98;0.05;1000
0.98;0.06;1000
0.98;0.07;1000
0.98;0.08;1000
0.98;0.09;1000
0.98;0.1;1000
0.98;0.11;1000
0.98;0.12;1000
0.98;0.13;1000
0.98;0.14;1000
0.98;0.15;1000
0.98;0.16;1000
0.98;0.17;1000
0.98;0.18;1000
0.98;0.19;1000
0.98;0.2;1000
0.98;0.21;1000
0.98;0.22;1000
0.98;0.23;1000
0.98;0.24;1000
0.98;0.25;1000
0.98;0.26;1000
0.98;0.27;1000
0.98;0.28;1000
0.98;0.29;1000
0.98;0.3;1000
0.98;0.31;1000
0.98;0.32;1000
0.98;0.33;1000
0.98;0.34;1000
0.98;0.35;1000
0.98;0.36;1000
0.98;0.37;1000
0.98;0.38;1000
0.98;0.39;1000
0.98;0.4;1000
0.98;0.41;1000
0.98;0.42;1000
0.98;0.43;1000
0.98;0.44;1000
0.98;0.45;1000
0.98;0.46;1000
0.98;0.47;1000
0.98;0.48;1000
0.98;0.49;1000
0.98;0.5;1000
0.98;0.51;1000
0.98;0.52;1000
0.98;0.53;1000
0.98;0.54;1000
0.98;0.55;1000
0.98;0.56;1000
0.98;0.57;1000
0.98;0.58;1000
0.98;0.59;1000
0.98;0.6;1000
0.98;0.61;1000
0.98;0.62;1000
0.98;0.63;1000
0.98;0.64;1000
0.98;0.65;1000
0.98;0.66;1000
0.98;0.67;1000
0.98;0.68;1000
0.98;0.69;1000
0.98;0.7;1000
0.98;0.71;1000
0.98;0.72;1000
0.98;0.73;1000
0.98;0.74;1000
0.98;0.75;1000
0.98;0.76;1000
0.98;0.77;1000
0.98;0.78;1000
0.98;0.79;1000
0.98;0.8;1000
0.98;0.81;1000
0.98;0.82;1000
0.98;0.83;1000
0.98;0.84;1000
0.98;0.85;1000
0.98;0.86;1000
0.98;0.87;1000
0.98;0.88;1000
0.98;0.89;1000
0.98;0.9;1000
0.98;0.91;1000
0.98;0.92;1000
0.98;0.93;1000
0.98;0.94;1000
0.98;0.95;1000
0.98;0.96;1000
0.98;0.97;1000
0.98;0.98;1000
0.99;0.0;3
0.99;0.01;1000
0.99;0.02;1000
0.99;0.03;1000
0.99;0.04;1000
0.99;0.05;1000
0.99;0.06;1000
0.99;0.07;1000
0.99;0.08;1000
0.99;0.09;1000
0.99;0.1;1000
0.99;0.11;1000
0.99;0.12;1000
0.99;0.13;1000
0.99;0.14;1000
0.99;0.15;1000
0.99;0.16;1000
0.99;0.17;1000
0.99;0.18;1000
0.99;0.19;1000
0.99;0.2;1000
0.99;0.21;1000
0.99;0.22;1000
0.99;0.23;1000
0.99;0.24;1000
0.99;0.25;1000
0.99;0.26;1000
0.99;0.27;1000
0.99;0.28;1000
0.99;0.29;1000
0.99;0.3;1000
0.99;0.31;1000
0.99;0.32;1000
0.99;0.33;1000
0.99;0.34;1000
0.99;0.35;1000
0.99;0.36;1000
0.99;0.37;1000
0.99;0.38;1000
0.99;0.39;1000
0.99;0.4;1000
0.99;0.41;1000
0.99;0.42;1000
0.99;0.43;1000
0.99;0.44;1000
0.99;0.45;1000
0.99;0.46;1000
0.99;0.47;1000
0.99;0.48;1000
0.99;0.49;1000
0.99;0.5;1000
0.99;0.51;1000
0.99;0.52;1000
0.99;0.53;1000
0.99;0.54;1000
0.99;0.55;1000
0.99;0.56;1000
0.99;0.57;1000
0.99;0.58;1000
0.99;0.59;1000
0.99;0.6;1000
0.99;0.61;1000
0.99;0.62;1000
0.99;0.63;1000
0.99;0.64;1000
0.99;0.65;1000
0.99;0.66;1000
0.99;0.67;1000
0.99;0.68;1000
0.99;0.69;1000
0.99;0.7;1000
0.99;0.71;1000
0.99;0.72;1000
0.99;0.73;1000
0.99;0.74;1000
0.99;0.75;1000
0.99;0.76;1000
0.99;0.77;1000
0.99;0.78;1000
0.99;0.79;1000
0.99;0.8;1000
0.99;0.81;1000
0.99;0.82;1000
0.99;0.83;1000
0.99;0.84;1000
0.99;0.85;1000
0.99;0.86;1000
0.99;0.87;1000
0.99;0.88;1000
0.99;0.89;1000
0.99;0.9;1000
0.99;0.91;1000
0.99;0.92;1000
0.99;0.93;1000
0.99;0.94;1000
0.99;0.95;1000
0.99;0.96;1000
0.99;0.97;1000
0.99;0.98;1000
0.99;0.99;1000
1.0;0.0;1000
1.0;0.01;1000
1.0;0.02;1000
1.0;0.03;1000
1.0;0.04;1000
1.0;0.05;1000
1.0;0.06;1000
1.0;0.07;1000
1.0;0.08;1000
1.0;0.09;1000
1.0;0.1;1000
1.0;0.11;1000
1.0;0.12;1000
1.0;0.13;1000
1.0;0.14;1000
1.0;0.15;1000
1.0;0.16;1000
1.0;0.17;1000
1.0;0.18;1000
1.0;0.19;1000
1.0;0.2;1000
1.0;0.21;1000
1.0;0.22;1000
1.0;0.23;1000
1.0;0.24;1000
1.0;0.25;1000
1.0;0.26;1000
1.0;0.27;1000
1.0;0.28;1000
1.0;0.29;1000
1.0;0.3;1000
1.0;0.31;1000
1.0;0.32;1000
1.0;0.33;1000
1.0;0.34;1000
1.0;0.35;1000
1.0;0.36;1000
1.0;0.37;1000
1.0;0.38;1000
1.0;0.39;1000
1.0;0.4;1000
1.0;0.41;1000
1.0;0.42;1000
1.0;0.43;1000
1.0;0.44;1000
1.0;0.45;1000
1.0;0.46;1000
1.0;0.47;1000
1.0;0.48;1000
1.0;0.49;1000
1.0;0.5;1000
1.0;0.51;1000
1.0;0.52;1000
1.0;0.53;1000
1.0;0.54;1000
1.0;0.55;1000
1.0;0.56;1000
1.0;0.57;1000
1.0;0.58;1000
1.0;0.59;1000
1.0;0.6;1000
1.0;0.61;1000
1.0;0.62;1000
1.0;0.63;1000
1.0;0.64;1000
1.0;0.65;1000
1.0;0.66;1000
1.0;0.67;1000
1.0;0.68;1000
1.0;0.69;1000
1.0;0.7;1000
1.0;0.71;1000
1.0;0.72;1000
1.0;0.73;1000
1.0;0.74;1000
1.0;0.75;1000
1.0;0.76;1000
1.0;0.77;1000
1.0;0.78;1000
1.0;0.79;1000
1.0;0.8;1000
1.0;0.81;1000
1.0;0.82;1000
1.0;0.83;1000
1.0;0.84;1000
1.0;0.85;1000
1.0;0.86;1000
1.0;0.87;1000
1.0;0.88;1000
1.0;0.89;1000
1.0;0.9;1000
1.0;0.91;1000
1.0;0.92;1000
1.0;0.93;1000
1.0;0.94;1000
1.0;0.95;1000
1.0;0.96;1000
1.0;0.97;1000
1.0;0.98;1000
1.0;0.99;1000
1.0;1.0;1000
